input,category,declaredTargets,currentEvidencePass,currentEvidenceFail,currentEvidenceWithAnyFailedSpecimen,currentUntestedTargets,testedSpecimenCases,passedSpecimenCases,failedSpecimenCases,missingFixture,httpValidatedDirections,baselinePublishedDirections,allDeclaredDirectionsAttempted,allDeclaredDirectionsPassed,currentStatus,evidenceRevisions
264,document,203,1,0,0,202,1,1,0,False,0,0,False,False,representative-directions-passed,16c340ab0894abe96db50284c2cd1e91c12986fd7538271c21f8b3bb49fe47d5
265,document,203,1,0,0,202,1,1,0,False,0,0,False,False,representative-directions-passed,16c340ab0894abe96db50284c2cd1e91c12986fd7538271c21f8b3bb49fe47d5
266,document,203,0,0,0,203,0,0,0,True,0,0,False,False,missing-fixture,
302,document,203,2,0,0,201,2,2,0,False,2,0,False,False,representative-directions-passed,5504045bea5c28b18695e5453bce9fc2ba765ff6f10e7740d0c7e150d107bb0a
3d,cad,23,0,1,1,22,1,0,1,False,0,0,False,False,tested-specimens-failed,16c340ab0894abe96db50284c2cd1e91c12986fd7538271c21f8b3bb49fe47d5
3dostr,document,203,0,0,0,203,0,0,0,True,0,0,False,False,missing-fixture,
3ds,cad,23,5,0,0,18,5,5,0,False,0,5,False,False,representative-directions-passed,16c340ab0894abe96db50284c2cd1e91c12986fd7538271c21f8b3bb49fe47d5
3fr,image,198,0,0,0,198,0,0,0,True,0,0,False,False,missing-fixture,
3g2,document,337,1,0,0,336,1,1,0,False,0,0,False,False,representative-directions-passed,16c340ab0894abe96db50284c2cd1e91c12986fd7538271c21f8b3bb49fe47d5
3gp,document,337,1,0,0,336,1,1,0,False,0,0,False,False,representative-directions-passed,16c340ab0894abe96db50284c2cd1e91c12986fd7538271c21f8b3bb49fe47d5
3mf,cad,23,1,0,0,22,1,1,0,False,1,0,False,False,representative-directions-passed,5504045bea5c28b18695e5453bce9fc2ba765ff6f10e7740d0c7e150d107bb0a
4xm,document,203,1,0,0,202,1,1,0,False,1,0,False,False,representative-directions-passed,5504045bea5c28b18695e5453bce9fc2ba765ff6f10e7740d0c7e150d107bb0a
602,document,20,0,0,0,20,0,0,0,True,0,0,False,False,missing-fixture,
669,document,203,0,0,0,203,0,0,0,True,0,0,False,False,missing-fixture,
722,document,203,0,0,0,203,0,0,0,True,0,0,False,False,missing-fixture,
8bim,image,124,0,0,0,124,0,0,0,True,0,0,False,False,missing-fixture,
8bimtext,image,124,0,0,0,124,0,0,0,True,0,0,False,False,missing-fixture,
8bimwtext,image,124,0,0,0,124,0,0,0,True,0,0,False,False,missing-fixture,
aa,document,203,0,0,0,203,0,0,0,True,0,0,False,False,missing-fixture,
aa3,document,203,2,0,0,201,2,2,0,False,2,0,False,False,representative-directions-passed,5504045bea5c28b18695e5453bce9fc2ba765ff6f10e7740d0c7e150d107bb0a
aac,audio,203,47,0,0,156,47,47,0,False,2,45,False,False,representative-directions-passed,16c340ab0894abe96db50284c2cd1e91c12986fd7538271c21f8b3bb49fe47d5|5504045bea5c28b18695e5453bce9fc2ba765ff6f10e7740d0c7e150d107bb0a
aai,image,169,1,0,0,168,1,1,0,False,1,0,False,False,representative-directions-passed,5504045bea5c28b18695e5453bce9fc2ba765ff6f10e7740d0c7e150d107bb0a
aax,document,203,0,0,0,203,0,0,0,True,0,0,False,False,missing-fixture,
abw,document,20,1,0,0,19,1,1,0,False,1,0,False,False,representative-directions-passed,5504045bea5c28b18695e5453bce9fc2ba765ff6f10e7740d0c7e150d107bb0a
ac,cad,23,1,0,0,22,1,1,0,False,0,1,False,False,representative-directions-passed,16c340ab0894abe96db50284c2cd1e91c12986fd7538271c21f8b3bb49fe47d5
ac3,document,203,2,0,0,201,2,2,0,False,2,0,False,False,representative-directions-passed,5504045bea5c28b18695e5453bce9fc2ba765ff6f10e7740d0c7e150d107bb0a
ac3d,cad,23,1,0,0,22,1,1,0,False,1,0,False,False,representative-directions-passed,5504045bea5c28b18695e5453bce9fc2ba765ff6f10e7740d0c7e150d107bb0a
ac4,document,203,0,0,0,203,0,0,0,True,0,0,False,False,missing-fixture,
acc,cad,23,6,0,0,17,6,6,0,False,0,6,False,False,representative-directions-passed,16c340ab0894abe96db50284c2cd1e91c12986fd7538271c21f8b3bb49fe47d5
ace,document,203,0,0,0,203,0,0,0,True,0,0,False,False,missing-fixture,
acm,document,203,0,0,0,203,0,0,0,True,0,0,False,False,missing-fixture,
act,document,203,0,0,0,203,0,0,0,True,0,0,False,False,missing-fixture,
adf,document,203,0,0,0,203,0,0,0,True,0,0,False,False,missing-fixture,
adp,document,203,2,0,0,201,2,2,0,False,2,0,False,False,representative-directions-passed,5504045bea5c28b18695e5453bce9fc2ba765ff6f10e7740d0c7e150d107bb0a
ads,document,203,0,0,0,203,0,0,0,True,0,0,False,False,missing-fixture,
adx,document,203,2,0,0,201,2,2,0,False,2,0,False,False,representative-directions-passed,5504045bea5c28b18695e5453bce9fc2ba765ff6f10e7740d0c7e150d107bb0a
aea,document,203,2,0,0,201,2,2,0,False,2,0,False,False,representative-directions-passed,5504045bea5c28b18695e5453bce9fc2ba765ff6f10e7740d0c7e150d107bb0a
afc,document,203,2,0,0,201,2,2,0,False,2,0,False,False,representative-directions-passed,5504045bea5c28b18695e5453bce9fc2ba765ff6f10e7740d0c7e150d107bb0a
ai,vector,169,92,0,0,77,92,92,0,False,0,92,False,False,representative-directions-passed,16c340ab0894abe96db50284c2cd1e91c12986fd7538271c21f8b3bb49fe47d5
aiff,document,203,2,0,0,201,2,2,0,False,2,0,False,False,representative-directions-passed,5504045bea5c28b18695e5453bce9fc2ba765ff6f10e7740d0c7e150d107bb0a
aix,document,203,0,0,0,203,0,0,0,True,0,0,False,False,missing-fixture,
al,document,203,2,0,0,201,2,2,0,False,2,0,False,False,representative-directions-passed,5504045bea5c28b18695e5453bce9fc2ba765ff6f10e7740d0c7e150d107bb0a
alaw,document,203,0,1,1,202,1,0,1,False,0,0,False,False,tested-specimens-failed,99ea04cd8ba99d67760c326d2d79652b911959cf6a51dc7d3c6c9872ab11f2c6
alias_pix,document,203,0,0,0,203,0,0,0,True,0,0,False,False,missing-fixture,
alp,document,203,0,0,0,203,0,0,0,True,0,0,False,False,missing-fixture,
amf,cad,226,6,0,0,220,6,6,0,False,0,6,False,False,representative-directions-passed,16c340ab0894abe96db50284c2cd1e91c12986fd7538271c21f8b3bb49fe47d5
amj,cad,23,0,0,0,23,0,0,0,True,0,0,False,False,missing-fixture,
amr,document,203,46,0,0,157,46,46,0,False,0,46,False,False,representative-directions-passed,16c340ab0894abe96db50284c2cd1e91c12986fd7538271c21f8b3bb49fe47d5
amrnb,document,203,0,0,0,203,0,0,0,True,0,0,False,False,missing-fixture,
amrwb,document,203,0,0,0,203,0,0,0,True,0,0,False,False,missing-fixture,
ams,document,203,0,0,0,203,0,0,0,True,0,0,False,False,missing-fixture,
anm,document,203,1,0,0,202,1,1,0,False,1,0,False,False,representative-directions-passed,5504045bea5c28b18695e5453bce9fc2ba765ff6f10e7740d0c7e150d107bb0a
ans,document,203,1,0,0,202,1,1,0,False,1,0,False,False,representative-directions-passed,5504045bea5c28b18695e5453bce9fc2ba765ff6f10e7740d0c7e150d107bb0a
apc,document,203,0,0,0,203,0,0,0,True,0,0,False,False,missing-fixture,
ape,document,203,0,0,0,203,0,0,0,True,0,0,False,False,missing-fixture,
apl,document,203,0,0,0,203,0,0,0,True,0,0,False,False,missing-fixture,
apm,document,203,2,0,0,201,2,2,0,False,2,0,False,False,representative-directions-passed,5504045bea5c28b18695e5453bce9fc2ba765ff6f10e7740d0c7e150d107bb0a
apng,image,337,1,0,0,336,1,1,0,False,1,0,False,False,representative-directions-passed,5504045bea5c28b18695e5453bce9fc2ba765ff6f10e7740d0c7e150d107bb0a
app1,image,124,0,0,0,124,0,0,0,True,0,0,False,False,missing-fixture,
app1jpeg,image,124,0,0,0,124,0,0,0,True,0,0,False,False,missing-fixture,
aptx,document,203,1,0,0,202,1,1,0,False,1,0,False,False,representative-directions-passed,5504045bea5c28b18695e5453bce9fc2ba765ff6f10e7740d0c7e150d107bb0a
aptxhd,document,203,1,0,0,202,1,1,0,False,1,0,False,False,representative-directions-passed,5504045bea5c28b18695e5453bce9fc2ba765ff6f10e7740d0c7e150d107bb0a
aqt,document,203,1,0,0,202,1,1,0,False,0,0,False,False,representative-directions-passed,16c340ab0894abe96db50284c2cd1e91c12986fd7538271c21f8b3bb49fe47d5
aqtitle,document,203,1,0,0,202,1,1,0,False,1,0,False,False,representative-directions-passed,5504045bea5c28b18695e5453bce9fc2ba765ff6f10e7740d0c7e150d107bb0a
argo_asf,document,203,1,0,0,202,1,1,0,False,1,0,False,False,representative-directions-passed,5504045bea5c28b18695e5453bce9fc2ba765ff6f10e7740d0c7e150d107bb0a
argo_brp,document,203,0,0,0,203,0,0,0,True,0,0,False,False,missing-fixture,
art,image,329,1,0,0,328,1,1,0,False,1,0,False,False,representative-directions-passed,5504045bea5c28b18695e5453bce9fc2ba765ff6f10e7740d0c7e150d107bb0a
arw,image,198,1,0,1,197,2,1,1,False,1,0,False,False,representative-directions-pass-with-failed-specimens,16c340ab0894abe96db50284c2cd1e91c12986fd7538271c21f8b3bb49fe47d5|5504045bea5c28b18695e5453bce9fc2ba765ff6f10e7740d0c7e150d107bb0a
asc,document,203,0,0,0,203,0,0,0,True,0,0,False,False,missing-fixture,
ase,cad,23,6,0,0,17,6,6,0,False,0,6,False,False,representative-directions-passed,16c340ab0894abe96db50284c2cd1e91c12986fd7538271c21f8b3bb49fe47d5
asf,document,203,52,0,0,151,52,52,0,False,0,52,False,False,representative-directions-passed,16c340ab0894abe96db50284c2cd1e91c12986fd7538271c21f8b3bb49fe47d5
asf_o,document,203,0,0,0,203,0,0,0,True,0,0,False,False,missing-fixture,
ask,cad,23,0,0,0,23,0,0,0,True,0,0,False,False,missing-fixture,
ass,document,203,1,0,0,202,1,1,0,False,0,0,False,False,representative-directions-passed,16c340ab0894abe96db50284c2cd1e91c12986fd7538271c21f8b3bb49fe47d5
assbin,cad,23,1,0,0,22,1,1,0,False,1,0,False,False,representative-directions-passed,5504045bea5c28b18695e5453bce9fc2ba765ff6f10e7740d0c7e150d107bb0a
ast,document,203,2,0,0,201,2,2,0,False,2,0,False,False,representative-directions-passed,5504045bea5c28b18695e5453bce9fc2ba765ff6f10e7740d0c7e150d107bb0a
au,document,203,44,0,0,159,44,44,0,False,0,44,False,False,representative-directions-passed,16c340ab0894abe96db50284c2cd1e91c12986fd7538271c21f8b3bb49fe47d5
av1,document,203,1,0,0,202,1,1,0,False,1,0,False,False,representative-directions-passed,5504045bea5c28b18695e5453bce9fc2ba765ff6f10e7740d0c7e150d107bb0a
avc,document,203,1,0,0,202,1,1,0,False,0,0,False,False,representative-directions-passed,16c340ab0894abe96db50284c2cd1e91c12986fd7538271c21f8b3bb49fe47d5
avci,document,180,0,0,0,180,0,0,0,True,0,0,False,False,missing-fixture,
avcs,document,3,0,0,0,3,0,0,0,True,0,0,False,False,missing-fixture,
avi,video,337,3,0,0,334,3,3,0,False,2,1,False,False,representative-directions-passed,16c340ab0894abe96db50284c2cd1e91c12986fd7538271c21f8b3bb49fe47d5|5504045bea5c28b18695e5453bce9fc2ba765ff6f10e7740d0c7e150d107bb0a
avif,image,312,102,0,0,210,102,102,0,False,0,102,False,False,representative-directions-passed,16c340ab0894abe96db50284c2cd1e91c12986fd7538271c21f8b3bb49fe47d5
avr,document,203,0,0,0,203,0,0,0,True,0,0,False,False,missing-fixture,
avs,image,329,1,0,0,328,1,1,0,False,1,0,False,False,representative-directions-passed,5504045bea5c28b18695e5453bce9fc2ba765ff6f10e7740d0c7e150d107bb0a
avs2,document,203,0,0,0,203,0,0,0,True,0,0,False,False,missing-fixture,
avs3,document,203,0,0,0,203,0,0,0,True,0,0,False,False,missing-fixture,
awb,document,203,2,0,0,201,2,2,0,False,2,0,False,False,representative-directions-passed,5504045bea5c28b18695e5453bce9fc2ba765ff6f10e7740d0c7e150d107bb0a
azw3,ebook,20,1,0,0,19,1,1,0,False,1,0,False,False,representative-directions-passed,5504045bea5c28b18695e5453bce9fc2ba765ff6f10e7740d0c7e150d107bb0a
azw4,ebook,20,0,0,0,20,0,0,0,True,0,0,False,False,missing-fixture,
b,image,124,0,0,0,124,0,0,0,True,0,0,False,False,missing-fixture,
b3d,cad,23,6,0,0,17,6,6,0,False,0,6,False,False,representative-directions-passed,16c340ab0894abe96db50284c2cd1e91c12986fd7538271c21f8b3bb49fe47d5
bayer,image,169,0,1,1,168,1,0,1,False,0,0,False,False,tested-specimens-failed,99ea04cd8ba99d67760c326d2d79652b911959cf6a51dc7d3c6c9872ab11f2c6
bayera,image,169,0,1,1,168,1,0,1,False,0,0,False,False,tested-specimens-failed,99ea04cd8ba99d67760c326d2d79652b911959cf6a51dc7d3c6c9872ab11f2c6
bcstm,document,203,2,0,0,201,2,2,0,False,2,0,False,False,representative-directions-passed,5504045bea5c28b18695e5453bce9fc2ba765ff6f10e7740d0c7e150d107bb0a
bethsoftvid,document,203,0,0,0,203,0,0,0,True,0,0,False,False,missing-fixture,
bfi,document,203,1,0,0,202,1,1,0,False,1,0,False,False,representative-directions-passed,5504045bea5c28b18695e5453bce9fc2ba765ff6f10e7740d0c7e150d107bb0a
bfstm,document,203,2,0,0,201,2,2,0,False,2,0,False,False,representative-directions-passed,5504045bea5c28b18695e5453bce9fc2ba765ff6f10e7740d0c7e150d107bb0a
bgr,image,169,0,1,1,168,1,0,1,False,0,0,False,False,tested-specimens-failed,99ea04cd8ba99d67760c326d2d79652b911959cf6a51dc7d3c6c9872ab11f2c6
bgra,image,169,0,1,1,168,1,0,1,False,0,0,False,False,tested-specimens-failed,99ea04cd8ba99d67760c326d2d79652b911959cf6a51dc7d3c6c9872ab11f2c6
bgro,image,169,0,1,1,168,1,0,1,False,0,0,False,False,tested-specimens-failed,99ea04cd8ba99d67760c326d2d79652b911959cf6a51dc7d3c6c9872ab11f2c6
biblatex,document,65,1,0,0,64,1,1,0,False,1,0,False,False,representative-directions-passed,5504045bea5c28b18695e5453bce9fc2ba765ff6f10e7740d0c7e150d107bb0a
bibtex,document,65,1,0,0,64,1,1,0,False,1,0,False,False,representative-directions-passed,5504045bea5c28b18695e5453bce9fc2ba765ff6f10e7740d0c7e150d107bb0a
bie,image,124,1,0,0,123,1,1,0,False,0,0,False,False,representative-directions-passed,16c340ab0894abe96db50284c2cd1e91c12986fd7538271c21f8b3bb49fe47d5
bif,document,23,0,0,0,23,0,0,0,True,0,0,False,False,missing-fixture,
bigtiff,image,124,1,0,0,123,1,1,0,False,1,0,False,False,representative-directions-passed,5504045bea5c28b18695e5453bce9fc2ba765ff6f10e7740d0c7e150d107bb0a
bin,document,203,0,1,1,202,1,0,1,False,0,0,False,False,tested-specimens-failed,16c340ab0894abe96db50284c2cd1e91c12986fd7538271c21f8b3bb49fe47d5
bink,document,203,0,0,0,203,0,0,0,True,0,0,False,False,missing-fixture,
binka,document,203,0,0,0,203,0,0,0,True,0,0,False,False,missing-fixture,
bit,document,203,1,0,0,202,1,1,0,False,1,0,False,False,representative-directions-passed,5504045bea5c28b18695e5453bce9fc2ba765ff6f10e7740d0c7e150d107bb0a
bitpacked,document,203,0,0,0,203,0,0,0,True,0,0,False,False,missing-fixture,
bits,document,65,1,0,0,64,1,1,0,False,1,0,False,False,representative-directions-passed,5504045bea5c28b18695e5453bce9fc2ba765ff6f10e7740d0c7e150d107bb0a
blend,cad,23,6,0,0,17,6,6,0,False,0,6,False,False,representative-directions-passed,16c340ab0894abe96db50284c2cd1e91c12986fd7538271c21f8b3bb49fe47d5
bmp,image,335,105,0,0,230,105,105,0,False,0,105,False,False,representative-directions-passed,16c340ab0894abe96db50284c2cd1e91c12986fd7538271c21f8b3bb49fe47d5
bmp2,image,169,1,0,0,168,1,1,0,False,1,0,False,False,representative-directions-passed,5504045bea5c28b18695e5453bce9fc2ba765ff6f10e7740d0c7e150d107bb0a
bmp3,image,169,1,0,0,168,1,1,0,False,1,0,False,False,representative-directions-passed,5504045bea5c28b18695e5453bce9fc2ba765ff6f10e7740d0c7e150d107bb0a
bmv,document,203,1,0,0,202,1,1,0,False,1,0,False,False,representative-directions-passed,5504045bea5c28b18695e5453bce9fc2ba765ff6f10e7740d0c7e150d107bb0a
boa,document,203,0,0,0,203,0,0,0,True,0,0,False,False,missing-fixture,
bonk,document,203,0,0,0,203,0,0,0,True,0,0,False,False,missing-fixture,
brender_pix,document,203,0,0,0,203,0,0,0,True,0,0,False,False,missing-fixture,
brstm,document,203,0,0,0,203,0,0,0,True,0,0,False,False,missing-fixture,
bsp,cad,23,0,0,0,23,0,0,0,True,0,0,False,False,missing-fixture,
bvh,cad,23,1,0,0,22,1,1,0,False,0,0,False,False,representative-directions-passed,16c340ab0894abe96db50284c2cd1e91c12986fd7538271c21f8b3bb49fe47d5
c,image,124,5,0,0,119,5,5,0,False,0,5,False,False,representative-directions-passed,16c340ab0894abe96db50284c2cd1e91c12986fd7538271c21f8b3bb49fe47d5
c2,document,203,2,0,0,201,2,2,0,False,2,0,False,False,representative-directions-passed,5504045bea5c28b18695e5453bce9fc2ba765ff6f10e7740d0c7e150d107bb0a
c93,document,203,0,0,0,203,0,0,0,True,0,0,False,False,missing-fixture,
caf,document,203,2,0,0,201,2,2,0,False,2,0,False,False,representative-directions-passed,5504045bea5c28b18695e5453bce9fc2ba765ff6f10e7740d0c7e150d107bb0a
cal,image,169,1,0,0,168,1,1,0,False,1,0,False,False,representative-directions-passed,5504045bea5c28b18695e5453bce9fc2ba765ff6f10e7740d0c7e150d107bb0a
cals,image,198,1,0,0,197,1,1,0,False,1,0,False,False,representative-directions-passed,5504045bea5c28b18695e5453bce9fc2ba765ff6f10e7740d0c7e150d107bb0a
cavsvideo,document,203,0,0,0,203,0,0,0,True,0,0,False,False,missing-fixture,
cb7,ebook,20,0,0,0,20,0,0,0,True,0,0,False,False,missing-fixture,
cba,ebook,20,0,0,0,20,0,0,0,True,0,0,False,False,missing-fixture,
cbr,ebook,20,0,0,0,20,0,0,0,True,0,0,False,False,missing-fixture,
cbt,ebook,20,0,1,1,19,1,0,1,False,0,0,False,False,tested-specimens-failed,c4fb1b596d17fa9b90bbb897398581d555827f0363d93858350bdf7eeb0a935e
cbz,ebook,20,1,0,0,19,1,1,0,False,1,0,False,False,representative-directions-passed,5504045bea5c28b18695e5453bce9fc2ba765ff6f10e7740d0c7e150d107bb0a
cdata,document,203,2,0,0,201,2,2,0,False,2,0,False,False,representative-directions-passed,5504045bea5c28b18695e5453bce9fc2ba765ff6f10e7740d0c7e150d107bb0a
cdg,document,203,0,0,0,203,0,0,0,True,0,0,False,False,missing-fixture,
cdxl,document,203,1,0,0,202,1,1,0,False,1,0,False,False,representative-directions-passed,5504045bea5c28b18695e5453bce9fc2ba765ff6f10e7740d0c7e150d107bb0a
cgi,document,203,0,0,0,203,0,0,0,True,0,0,False,False,missing-fixture,
chm,ebook,20,0,1,1,19,1,0,1,False,0,0,False,False,tested-specimens-failed,16c340ab0894abe96db50284c2cd1e91c12986fd7538271c21f8b3bb49fe47d5
cif,document,203,0,0,0,203,0,0,0,True,0,0,False,False,missing-fixture,
cin,image,198,1,0,0,197,1,1,0,False,1,0,False,False,representative-directions-passed,5504045bea5c28b18695e5453bce9fc2ba765ff6f10e7740d0c7e150d107bb0a
cine,document,203,1,0,0,202,1,1,0,False,1,0,False,False,representative-directions-passed,5504045bea5c28b18695e5453bce9fc2ba765ff6f10e7740d0c7e150d107bb0a
clip,image,169,0,0,0,169,0,0,0,True,0,0,False,False,missing-fixture,
cmyk,image,198,0,1,1,197,1,0,1,False,0,0,False,False,tested-specimens-failed,99ea04cd8ba99d67760c326d2d79652b911959cf6a51dc7d3c6c9872ab11f2c6
cmyka,image,198,0,1,1,197,1,0,1,False,0,0,False,False,tested-specimens-failed,99ea04cd8ba99d67760c326d2d79652b911959cf6a51dc7d3c6c9872ab11f2c6
cob,cad,23,6,0,0,17,6,6,0,False,0,6,False,False,representative-directions-passed,16c340ab0894abe96db50284c2cd1e91c12986fd7538271c21f8b3bb49fe47d5
codec2,document,203,0,0,0,203,0,0,0,True,0,0,False,False,missing-fixture,
codec2raw,document,203,0,0,0,203,0,0,0,True,0,0,False,False,missing-fixture,
commonmark,document,65,1,0,0,64,1,1,0,False,1,0,False,False,representative-directions-passed,5504045bea5c28b18695e5453bce9fc2ba765ff6f10e7740d0c7e150d107bb0a
commonmark_x,document,65,1,0,0,64,1,1,0,False,1,0,False,False,representative-directions-passed,5504045bea5c28b18695e5453bce9fc2ba765ff6f10e7740d0c7e150d107bb0a
concat,document,203,0,0,0,203,0,0,0,True,0,0,False,False,missing-fixture,
cr2,image,198,1,0,1,197,2,1,1,False,1,0,False,False,representative-directions-pass-with-failed-specimens,16c340ab0894abe96db50284c2cd1e91c12986fd7538271c21f8b3bb49fe47d5|5504045bea5c28b18695e5453bce9fc2ba765ff6f10e7740d0c7e150d107bb0a
cr3,document,179,0,0,0,179,0,0,0,True,0,0,False,False,missing-fixture,
creole,document,65,1,0,0,64,1,1,0,False,1,0,False,False,representative-directions-passed,5504045bea5c28b18695e5453bce9fc2ba765ff6f10e7740d0c7e150d107bb0a
cri,document,203,0,0,0,203,0,0,0,True,0,0,False,False,missing-fixture,
crw,image,198,0,0,0,198,0,0,0,True,0,0,False,False,missing-fixture,
csljson,document,65,1,0,0,64,1,1,0,False,0,0,False,False,representative-directions-passed,16c340ab0894abe96db50284c2cd1e91c12986fd7538271c21f8b3bb49fe47d5
csm,cad,23,0,0,0,23,0,0,0,True,0,0,False,False,missing-fixture,
csv,document,100,13,0,0,87,13,13,0,False,0,13,False,False,representative-directions-passed,16c340ab0894abe96db50284c2cd1e91c12986fd7538271c21f8b3bb49fe47d5
cube,document,179,0,0,0,179,0,0,0,True,0,0,False,False,missing-fixture,
cur,image,198,1,0,0,197,1,1,0,False,1,0,False,False,representative-directions-passed,5504045bea5c28b18695e5453bce9fc2ba765ff6f10e7740d0c7e150d107bb0a
cut,image,198,0,0,0,198,0,0,0,True,0,0,False,False,missing-fixture,
cwk,document,20,0,0,0,20,0,0,0,True,0,0,False,False,missing-fixture,
dae,cad,23,6,0,0,17,6,6,0,False,0,6,False,False,representative-directions-passed,16c340ab0894abe96db50284c2cd1e91c12986fd7538271c21f8b3bb49fe47d5
dash,document,203,0,0,0,203,0,0,0,True,0,0,False,False,missing-fixture,
dat,document,203,0,1,1,202,1,0,1,False,0,0,False,False,tested-specimens-failed,16c340ab0894abe96db50284c2cd1e91c12986fd7538271c21f8b3bb49fe47d5
data,image,302,0,0,0,302,0,0,0,True,0,0,False,False,missing-fixture,
daud,document,203,1,0,0,202,1,1,0,False,1,0,False,False,representative-directions-passed,5504045bea5c28b18695e5453bce9fc2ba765ff6f10e7740d0c7e150d107bb0a
dav,document,203,0,0,0,203,0,0,0,True,0,0,False,False,missing-fixture,
dbm,document,203,0,0,0,203,0,0,0,True,0,0,False,False,missing-fixture,
dcm,image,198,0,0,0,198,0,0,0,True,0,0,False,False,missing-fixture,
dcr,image,198,0,0,0,198,0,0,0,True,0,0,False,False,missing-fixture,
dcraw,document,179,0,0,0,179,0,0,0,True,0,0,False,False,missing-fixture,
dcstr,document,203,0,0,0,203,0,0,0,True,0,0,False,False,missing-fixture,
dcx,image,198,102,0,0,96,102,102,0,False,0,102,False,False,representative-directions-passed,16c340ab0894abe96db50284c2cd1e91c12986fd7538271c21f8b3bb49fe47d5
dds,image,302,1,0,0,301,1,1,0,False,1,0,False,False,representative-directions-passed,5504045bea5c28b18695e5453bce9fc2ba765ff6f10e7740d0c7e150d107bb0a
derf,document,203,0,0,0,203,0,0,0,True,0,0,False,False,missing-fixture,
dfa,document,203,1,0,0,202,1,1,0,False,1,0,False,False,representative-directions-passed,5504045bea5c28b18695e5453bce9fc2ba765ff6f10e7740d0c7e150d107bb0a
dfont,document,179,0,0,0,179,0,0,0,True,0,0,False,False,missing-fixture,
dfpwm,document,203,2,0,0,201,2,2,0,False,2,0,False,False,representative-directions-passed,5504045bea5c28b18695e5453bce9fc2ba765ff6f10e7740d0c7e150d107bb0a
dhav,document,203,0,0,0,203,0,0,0,True,0,0,False,False,missing-fixture,
dif,document,203,0,1,1,202,1,0,1,False,0,0,False,False,tested-specimens-failed,16c340ab0894abe96db50284c2cd1e91c12986fd7538271c21f8b3bb49fe47d5
digi,document,203,0,0,0,203,0,0,0,True,0,0,False,False,missing-fixture,
dirac,document,203,1,0,0,202,1,1,0,False,1,0,False,False,representative-directions-passed,5504045bea5c28b18695e5453bce9fc2ba765ff6f10e7740d0c7e150d107bb0a
diz,document,203,0,0,0,203,0,0,0,True,0,0,False,False,missing-fixture,
djot,document,65,1,0,0,64,1,1,0,False,1,0,False,False,representative-directions-passed,5504045bea5c28b18695e5453bce9fc2ba765ff6f10e7740d0c7e150d107bb0a
djvu,ebook,20,0,1,1,19,1,0,1,False,0,0,False,False,tested-specimens-failed,16c340ab0894abe96db50284c2cd1e91c12986fd7538271c21f8b3bb49fe47d5
dmf,document,203,0,0,0,203,0,0,0,True,0,0,False,False,missing-fixture,
dng,image,198,66,0,0,132,66,66,0,False,0,66,False,False,representative-directions-passed,16c340ab0894abe96db50284c2cd1e91c12986fd7538271c21f8b3bb49fe47d5
dnxhd,document,203,1,0,0,202,1,1,0,False,1,0,False,False,representative-directions-passed,5504045bea5c28b18695e5453bce9fc2ba765ff6f10e7740d0c7e150d107bb0a
doc,document,20,8,0,0,12,8,8,0,False,0,8,False,False,representative-directions-passed,16c340ab0894abe96db50284c2cd1e91c12986fd7538271c21f8b3bb49fe47d5
docbook,document,65,1,0,0,64,1,1,0,False,1,0,False,False,representative-directions-passed,5504045bea5c28b18695e5453bce9fc2ba765ff6f10e7740d0c7e150d107bb0a
docm,document,20,9,0,0,11,9,9,0,False,0,9,False,False,representative-directions-passed,16c340ab0894abe96db50284c2cd1e91c12986fd7538271c21f8b3bb49fe47d5
docx,ebook,93,10,0,0,83,10,10,0,False,0,10,False,False,representative-directions-passed,16c340ab0894abe96db50284c2cd1e91c12986fd7538271c21f8b3bb49fe47d5
dokuwiki,document,65,1,0,0,64,1,1,0,False,1,0,False,False,representative-directions-passed,5504045bea5c28b18695e5453bce9fc2ba765ff6f10e7740d0c7e150d107bb0a
dot,document,20,1,0,0,19,1,1,0,False,0,1,False,False,representative-directions-passed,16c340ab0894abe96db50284c2cd1e91c12986fd7538271c21f8b3bb49fe47d5
dotm,document,20,9,0,0,11,9,9,0,False,0,9,False,False,representative-directions-passed,16c340ab0894abe96db50284c2cd1e91c12986fd7538271c21f8b3bb49fe47d5
dotx,document,20,9,0,0,11,9,9,0,False,0,9,False,False,representative-directions-passed,16c340ab0894abe96db50284c2cd1e91c12986fd7538271c21f8b3bb49fe47d5
dpx,image,198,1,0,0,197,1,1,0,False,1,0,False,False,representative-directions-passed,5504045bea5c28b18695e5453bce9fc2ba765ff6f10e7740d0c7e150d107bb0a
dpx_pipe,document,203,0,0,0,203,0,0,0,True,0,0,False,False,missing-fixture,
dsf,document,203,0,0,0,203,0,0,0,True,0,0,False,False,missing-fixture,
dsicin,document,203,0,0,0,203,0,0,0,True,0,0,False,False,missing-fixture,
dsm,document,203,0,0,0,203,0,0,0,True,0,0,False,False,missing-fixture,
dss,document,203,2,0,0,201,2,2,0,False,2,0,False,False,representative-directions-passed,5504045bea5c28b18695e5453bce9fc2ba765ff6f10e7740d0c7e150d107bb0a
dtk,document,203,0,0,0,203,0,0,0,True,0,0,False,False,missing-fixture,
dtm,document,203,0,0,0,203,0,0,0,True,0,0,False,False,missing-fixture,
dts,document,203,2,0,0,201,2,2,0,False,2,0,False,False,representative-directions-passed,5504045bea5c28b18695e5453bce9fc2ba765ff6f10e7740d0c7e150d107bb0a
dtshd,document,203,2,0,0,201,2,2,0,False,2,0,False,False,representative-directions-passed,5504045bea5c28b18695e5453bce9fc2ba765ff6f10e7740d0c7e150d107bb0a
dv,document,203,1,0,0,202,1,1,0,False,1,0,False,False,representative-directions-passed,5504045bea5c28b18695e5453bce9fc2ba765ff6f10e7740d0c7e150d107bb0a
dvbsub,document,203,0,0,0,203,0,0,0,True,0,0,False,False,missing-fixture,
dvbtxt,document,203,0,0,0,203,0,0,0,True,0,0,False,False,missing-fixture,
dvi,document,2,0,0,0,2,0,0,0,True,0,0,False,False,missing-fixture,
dxa,document,203,0,0,0,203,0,0,0,True,0,0,False,False,missing-fixture,
dxf,image,23,6,0,0,17,6,6,0,False,0,6,False,False,representative-directions-passed,16c340ab0894abe96db50284c2cd1e91c12986fd7538271c21f8b3bb49fe47d5
dxt1,image,169,1,0,0,168,1,1,0,False,1,0,False,False,representative-directions-passed,5504045bea5c28b18695e5453bce9fc2ba765ff6f10e7740d0c7e150d107bb0a
dxt5,image,169,1,0,0,168,1,1,0,False,1,0,False,False,representative-directions-passed,5504045bea5c28b18695e5453bce9fc2ba765ff6f10e7740d0c7e150d107bb0a
ea,document,203,0,0,0,203,0,0,0,True,0,0,False,False,missing-fixture,
ea_cdata,document,203,0,0,0,203,0,0,0,True,0,0,False,False,missing-fixture,
eac3,document,203,2,0,0,201,2,2,0,False,2,0,False,False,representative-directions-passed,5504045bea5c28b18695e5453bce9fc2ba765ff6f10e7740d0c7e150d107bb0a
ec3,document,203,2,0,0,201,2,2,0,False,2,0,False,False,representative-directions-passed,5504045bea5c28b18695e5453bce9fc2ba765ff6f10e7740d0c7e150d107bb0a
emf,vector,179,49,0,0,130,49,49,0,False,0,49,False,False,representative-directions-passed,16c340ab0894abe96db50284c2cd1e91c12986fd7538271c21f8b3bb49fe47d5
endnotexml,document,65,1,0,0,64,1,1,0,False,1,0,False,False,representative-directions-passed,5504045bea5c28b18695e5453bce9fc2ba765ff6f10e7740d0c7e150d107bb0a
enff,cad,23,0,0,0,23,0,0,0,True,0,0,False,False,missing-fixture,
epaf,document,203,0,0,0,203,0,0,0,True,0,0,False,False,missing-fixture,
epdf,image,198,1,0,0,197,1,1,0,False,1,0,False,False,representative-directions-passed,5504045bea5c28b18695e5453bce9fc2ba765ff6f10e7740d0c7e150d107bb0a
epi,image,198,1,0,0,197,1,1,0,False,1,0,False,False,representative-directions-passed,5504045bea5c28b18695e5453bce9fc2ba765ff6f10e7740d0c7e150d107bb0a
eps,vector,208,1,0,0,207,1,1,0,False,1,0,False,False,representative-directions-passed,5504045bea5c28b18695e5453bce9fc2ba765ff6f10e7740d0c7e150d107bb0a
epsf,image,198,1,0,0,197,1,1,0,False,1,0,False,False,representative-directions-passed,5504045bea5c28b18695e5453bce9fc2ba765ff6f10e7740d0c7e150d107bb0a
epsi,image,198,1,0,0,197,1,1,0,False,1,0,False,False,representative-directions-passed,5504045bea5c28b18695e5453bce9fc2ba765ff6f10e7740d0c7e150d107bb0a
ept,image,198,1,0,0,197,1,1,0,False,1,0,False,False,representative-directions-passed,5504045bea5c28b18695e5453bce9fc2ba765ff6f10e7740d0c7e150d107bb0a
ept2,image,198,1,0,0,197,1,1,0,False,1,0,False,False,representative-directions-passed,5504045bea5c28b18695e5453bce9fc2ba765ff6f10e7740d0c7e150d107bb0a
ept3,image,198,1,0,0,197,1,1,0,False,1,0,False,False,representative-directions-passed,5504045bea5c28b18695e5453bce9fc2ba765ff6f10e7740d0c7e150d107bb0a
epub,ebook,93,8,0,0,85,8,8,0,False,0,8,False,False,representative-directions-passed,16c340ab0894abe96db50284c2cd1e91c12986fd7538271c21f8b3bb49fe47d5
erf,image,198,0,0,0,198,0,0,0,True,0,0,False,False,missing-fixture,
evc,document,203,1,0,0,202,1,1,0,False,0,0,False,False,representative-directions-passed,16c340ab0894abe96db50284c2cd1e91c12986fd7538271c21f8b3bb49fe47d5
exif,image,124,0,0,0,124,0,0,0,True,0,0,False,False,missing-fixture,
exr,image,179,1,0,0,178,1,1,0,False,1,0,False,False,representative-directions-passed,5504045bea5c28b18695e5453bce9fc2ba765ff6f10e7740d0c7e150d107bb0a
exr_pipe,document,203,0,0,0,203,0,0,0,True,0,0,False,False,missing-fixture,
f32be,document,203,0,1,1,202,1,0,1,False,0,0,False,False,tested-specimens-failed,99ea04cd8ba99d67760c326d2d79652b911959cf6a51dc7d3c6c9872ab11f2c6
f32le,document,203,0,1,1,202,1,0,1,False,0,0,False,False,tested-specimens-failed,99ea04cd8ba99d67760c326d2d79652b911959cf6a51dc7d3c6c9872ab11f2c6
f4v,document,203,1,0,0,202,1,1,0,False,1,0,False,False,representative-directions-passed,5504045bea5c28b18695e5453bce9fc2ba765ff6f10e7740d0c7e150d107bb0a
f64be,document,203,0,1,1,202,1,0,1,False,0,0,False,False,tested-specimens-failed,99ea04cd8ba99d67760c326d2d79652b911959cf6a51dc7d3c6c9872ab11f2c6
f64le,document,203,0,1,1,202,1,0,1,False,0,0,False,False,tested-specimens-failed,99ea04cd8ba99d67760c326d2d79652b911959cf6a51dc7d3c6c9872ab11f2c6
fap,document,203,0,0,0,203,0,0,0,True,0,0,False,False,missing-fixture,
far,document,203,0,0,0,203,0,0,0,True,0,0,False,False,missing-fixture,
farbfeld,image,169,1,0,0,168,1,1,0,False,1,0,False,False,representative-directions-passed,5504045bea5c28b18695e5453bce9fc2ba765ff6f10e7740d0c7e150d107bb0a
fax,image,198,1,0,0,197,1,1,0,False,1,0,False,False,representative-directions-passed,5504045bea5c28b18695e5453bce9fc2ba765ff6f10e7740d0c7e150d107bb0a
fb2,ebook,92,11,0,0,81,11,11,0,False,0,11,False,False,representative-directions-passed,16c340ab0894abe96db50284c2cd1e91c12986fd7538271c21f8b3bb49fe47d5
fbx,cad,23,5,0,0,18,5,5,0,False,0,5,False,False,representative-directions-passed,16c340ab0894abe96db50284c2cd1e91c12986fd7538271c21f8b3bb49fe47d5
ff,image,169,1,0,0,168,1,1,0,False,1,0,False,False,representative-directions-passed,5504045bea5c28b18695e5453bce9fc2ba765ff6f10e7740d0c7e150d107bb0a
fff,document,179,0,0,0,179,0,0,0,True,0,0,False,False,missing-fixture,
ffmetadata,document,203,1,1,1,201,2,1,1,False,0,0,False,False,representative-directions-pass-with-failed-specimens,99ea04cd8ba99d67760c326d2d79652b911959cf6a51dc7d3c6c9872ab11f2c6|c4fb1b596d17fa9b90bbb897398581d555827f0363d93858350bdf7eeb0a935e
file,image,198,0,0,0,198,0,0,0,True,0,0,False,False,missing-fixture,
film_cpk,document,203,0,0,0,203,0,0,0,True,0,0,False,False,missing-fixture,
filmstrip,document,203,0,0,0,203,0,0,0,True,0,0,False,False,missing-fixture,
fits,image,339,50,0,0,289,50,50,0,False,0,50,False,False,representative-directions-passed,16c340ab0894abe96db50284c2cd1e91c12986fd7538271c21f8b3bb49fe47d5
fl32,image,169,1,0,0,168,1,1,0,False,1,0,False,False,representative-directions-passed,5504045bea5c28b18695e5453bce9fc2ba765ff6f10e7740d0c7e150d107bb0a
flac,audio,203,46,0,0,157,46,46,0,False,2,44,False,False,representative-directions-passed,16c340ab0894abe96db50284c2cd1e91c12986fd7538271c21f8b3bb49fe47d5|5504045bea5c28b18695e5453bce9fc2ba765ff6f10e7740d0c7e150d107bb0a
flic,document,203,0,0,0,203,0,0,0,True,0,0,False,False,missing-fixture,
flif,image,169,0,0,0,169,0,0,0,True,0,0,False,False,missing-fixture,
flm,document,203,1,0,0,202,1,1,0,False,1,0,False,False,representative-directions-passed,5504045bea5c28b18695e5453bce9fc2ba765ff6f10e7740d0c7e150d107bb0a
flv,image,302,101,0,0,201,101,101,0,False,0,101,False,False,representative-directions-passed,16c340ab0894abe96db50284c2cd1e91c12986fd7538271c21f8b3bb49fe47d5
fodp,presentation,3,3,0,0,0,3,3,0,False,0,3,True,True,all-declared-directions-passed,16c340ab0894abe96db50284c2cd1e91c12986fd7538271c21f8b3bb49fe47d5
fodt,document,20,9,0,0,11,9,9,0,False,0,9,False,False,representative-directions-passed,16c340ab0894abe96db50284c2cd1e91c12986fd7538271c21f8b3bb49fe47d5
frm,document,203,0,1,1,202,1,0,1,False,0,0,False,False,tested-specimens-failed,16c340ab0894abe96db50284c2cd1e91c12986fd7538271c21f8b3bb49fe47d5
fsb,document,203,0,0,0,203,0,0,0,True,0,0,False,False,missing-fixture,
fts,image,169,1,0,0,168,1,1,0,False,1,0,False,False,representative-directions-passed,5504045bea5c28b18695e5453bce9fc2ba765ff6f10e7740d0c7e150d107bb0a
ftxt,image,169,0,0,0,169,0,0,0,True,0,0,False,False,missing-fixture,
fwse,document,203,0,0,0,203,0,0,0,True,0,0,False,False,missing-fixture,
g,image,124,0,0,0,124,0,0,0,True,0,0,False,False,missing-fixture,
g3,image,169,1,0,0,168,1,1,0,False,1,0,False,False,representative-directions-passed,5504045bea5c28b18695e5453bce9fc2ba765ff6f10e7740d0c7e150d107bb0a
g4,image,169,0,1,1,168,1,0,1,False,0,0,False,False,tested-specimens-failed,16c340ab0894abe96db50284c2cd1e91c12986fd7538271c21f8b3bb49fe47d5
g722,document,203,2,0,0,201,2,2,0,False,2,0,False,False,representative-directions-passed,5504045bea5c28b18695e5453bce9fc2ba765ff6f10e7740d0c7e150d107bb0a
g723_1,document,203,0,0,0,203,0,0,0,True,0,0,False,False,missing-fixture,
g726,document,203,0,0,0,203,0,0,0,True,0,0,False,False,missing-fixture,
g726le,document,203,0,0,0,203,0,0,0,True,0,0,False,False,missing-fixture,
g729,document,203,0,0,0,203,0,0,0,True,0,0,False,False,missing-fixture,
gdm,document,203,0,0,0,203,0,0,0,True,0,0,False,False,missing-fixture,
gdv,document,203,1,0,0,202,1,1,0,False,1,0,False,False,representative-directions-passed,5504045bea5c28b18695e5453bce9fc2ba765ff6f10e7740d0c7e150d107bb0a
genh,document,203,0,0,0,203,0,0,0,True,0,0,False,False,missing-fixture,
gfm,document,65,1,0,0,64,1,1,0,False,1,0,False,False,representative-directions-passed,5504045bea5c28b18695e5453bce9fc2ba765ff6f10e7740d0c7e150d107bb0a
gif,image,374,123,0,0,251,123,123,0,False,0,123,False,False,representative-directions-passed,16c340ab0894abe96db50284c2cd1e91c12986fd7538271c21f8b3bb49fe47d5
gif87,image,198,1,0,0,197,1,1,0,False,1,0,False,False,representative-directions-passed,5504045bea5c28b18695e5453bce9fc2ba765ff6f10e7740d0c7e150d107bb0a
glb,cad,23,1,0,0,22,1,1,0,False,0,1,False,False,representative-directions-passed,16c340ab0894abe96db50284c2cd1e91c12986fd7538271c21f8b3bb49fe47d5
gltf,cad,23,1,0,0,22,1,1,0,False,1,0,False,False,representative-directions-passed,5504045bea5c28b18695e5453bce9fc2ba765ff6f10e7740d0c7e150d107bb0a
gray,image,198,0,1,1,197,1,0,1,False,0,0,False,False,tested-specimens-failed,99ea04cd8ba99d67760c326d2d79652b911959cf6a51dc7d3c6c9872ab11f2c6
graya,image,198,0,1,1,197,1,0,1,False,0,0,False,False,tested-specimens-failed,99ea04cd8ba99d67760c326d2d79652b911959cf6a51dc7d3c6c9872ab11f2c6
group4,image,169,0,1,1,168,1,0,1,False,0,0,False,False,tested-specimens-failed,99ea04cd8ba99d67760c326d2d79652b911959cf6a51dc7d3c6c9872ab11f2c6
gsm,document,203,1,0,0,202,1,1,0,False,1,0,False,False,representative-directions-passed,5504045bea5c28b18695e5453bce9fc2ba765ff6f10e7740d0c7e150d107bb0a
gxf,document,203,0,0,0,203,0,0,0,True,0,0,False,False,missing-fixture,
h261,document,203,1,0,0,202,1,1,0,False,1,0,False,False,representative-directions-passed,5504045bea5c28b18695e5453bce9fc2ba765ff6f10e7740d0c7e150d107bb0a
h263,document,203,1,0,0,202,1,1,0,False,1,0,False,False,representative-directions-passed,5504045bea5c28b18695e5453bce9fc2ba765ff6f10e7740d0c7e150d107bb0a
h264,document,203,1,0,0,202,1,1,0,False,1,0,False,False,representative-directions-passed,5504045bea5c28b18695e5453bce9fc2ba765ff6f10e7740d0c7e150d107bb0a
h265,document,203,1,0,0,202,1,1,0,False,0,0,False,False,representative-directions-passed,16c340ab0894abe96db50284c2cd1e91c12986fd7538271c21f8b3bb49fe47d5
h266,document,203,0,0,0,203,0,0,0,True,0,0,False,False,missing-fixture,
h26l,document,203,0,0,0,203,0,0,0,True,0,0,False,False,missing-fixture,
haddock,document,65,1,0,0,64,1,1,0,False,1,0,False,False,representative-directions-passed,5504045bea5c28b18695e5453bce9fc2ba765ff6f10e7740d0c7e150d107bb0a
hca,document,203,0,0,0,203,0,0,0,True,0,0,False,False,missing-fixture,
hcom,document,203,0,0,0,203,0,0,0,True,0,0,False,False,missing-fixture,
hdr,image,179,1,0,0,178,1,1,0,False,1,0,False,False,representative-directions-passed,5504045bea5c28b18695e5453bce9fc2ba765ff6f10e7740d0c7e150d107bb0a
hdr.gz,document,23,0,0,0,23,0,0,0,True,0,0,False,False,missing-fixture,
heic,image,209,2,0,0,207,2,2,0,False,2,0,False,False,representative-directions-passed,5504045bea5c28b18695e5453bce9fc2ba765ff6f10e7740d0c7e150d107bb0a
heics,document,3,0,0,0,3,0,0,0,True,0,0,False,False,missing-fixture,
heif,image,209,2,0,0,207,2,2,0,False,2,0,False,False,representative-directions-passed,5504045bea5c28b18695e5453bce9fc2ba765ff6f10e7740d0c7e150d107bb0a
heifs,document,3,0,0,0,3,0,0,0,True,0,0,False,False,missing-fixture,
hevc,document,203,1,0,0,202,1,1,0,False,1,0,False,False,representative-directions-passed,5504045bea5c28b18695e5453bce9fc2ba765ff6f10e7740d0c7e150d107bb0a
hif,document,3,0,0,0,3,0,0,0,True,0,0,False,False,missing-fixture,
hls,document,203,0,0,0,203,0,0,0,True,0,0,False,False,missing-fixture,
hmb,cad,23,0,0,0,23,0,0,0,True,0,0,False,False,missing-fixture,
hmp,cad,23,6,0,0,17,6,6,0,False,0,6,False,False,representative-directions-passed,16c340ab0894abe96db50284c2cd1e91c12986fd7538271c21f8b3bb49fe47d5
hnm,document,203,0,0,0,203,0,0,0,True,0,0,False,False,missing-fixture,
hrz,image,198,1,0,0,197,1,1,0,False,1,0,False,False,representative-directions-passed,5504045bea5c28b18695e5453bce9fc2ba765ff6f10e7740d0c7e150d107bb0a
htlz,ebook,20,0,0,0,20,0,0,0,True,0,0,False,False,missing-fixture,
htm,image,20,1,0,0,19,1,1,0,False,0,0,False,False,representative-directions-passed,16c340ab0894abe96db50284c2cd1e91c12986fd7538271c21f8b3bb49fe47d5
html,ebook,93,10,0,0,83,10,10,0,False,0,10,False,False,representative-directions-passed,16c340ab0894abe96db50284c2cd1e91c12986fd7538271c21f8b3bb49fe47d5
hwp,document,20,9,0,0,11,9,9,0,False,0,9,False,False,representative-directions-passed,16c340ab0894abe96db50284c2cd1e91c12986fd7538271c21f8b3bb49fe47d5
icb,image,198,1,0,0,197,1,1,0,False,0,0,False,False,representative-directions-passed,16c340ab0894abe96db50284c2cd1e91c12986fd7538271c21f8b3bb49fe47d5
icc,image,124,0,0,0,124,0,0,0,True,0,0,False,False,missing-fixture,
ice,document,203,0,0,0,203,0,0,0,True,0,0,False,False,missing-fixture,
icm,image,124,0,0,0,124,0,0,0,True,0,0,False,False,missing-fixture,
ico,image,329,2,0,0,327,2,2,0,False,1,1,False,False,representative-directions-passed,16c340ab0894abe96db50284c2cd1e91c12986fd7538271c21f8b3bb49fe47d5|5504045bea5c28b18695e5453bce9fc2ba765ff6f10e7740d0c7e150d107bb0a
icon,image,198,1,0,0,197,1,1,0,False,0,0,False,False,representative-directions-passed,16c340ab0894abe96db50284c2cd1e91c12986fd7538271c21f8b3bb49fe47d5
idcin,document,203,0,0,0,203,0,0,0,True,0,0,False,False,missing-fixture,
identity,image,124,0,0,0,124,0,0,0,True,0,0,False,False,missing-fixture,
idf,document,203,0,0,0,203,0,0,0,True,0,0,False,False,missing-fixture,
idx,document,203,0,0,0,203,0,0,0,True,0,0,False,False,missing-fixture,
ifc,cad,23,0,0,0,23,0,0,0,True,0,0,False,False,missing-fixture,
ifczip,cad,23,0,0,0,23,0,0,0,True,0,0,False,False,missing-fixture,
iff,document,203,2,0,0,201,2,2,0,False,2,0,False,False,representative-directions-passed,5504045bea5c28b18695e5453bce9fc2ba765ff6f10e7740d0c7e150d107bb0a
ifv,document,203,0,0,0,203,0,0,0,True,0,0,False,False,missing-fixture,
iiq,document,179,0,0,0,179,0,0,0,True,0,0,False,False,missing-fixture,
ilbc,document,203,0,0,0,203,0,0,0,True,0,0,False,False,missing-fixture,
image,image,124,0,0,0,124,0,0,0,True,0,0,False,False,missing-fixture,
image2,document,203,0,0,0,203,0,0,0,True,0,0,False,False,missing-fixture,
imf,document,203,0,0,0,203,0,0,0,True,0,0,False,False,missing-fixture,
img,document,23,0,0,0,23,0,0,0,True,0,0,False,False,missing-fixture,
img.gz,document,23,0,0,0,23,0,0,0,True,0,0,False,False,missing-fixture,
imx,document,203,0,0,0,203,0,0,0,True,0,0,False,False,missing-fixture,
ingenient,document,203,0,0,0,203,0,0,0,True,0,0,False,False,missing-fixture,
inline,image,169,0,0,0,169,0,0,0,True,0,0,False,False,missing-fixture,
ipl,image,169,1,0,0,168,1,1,0,False,1,0,False,False,representative-directions-passed,5504045bea5c28b18695e5453bce9fc2ba765ff6f10e7740d0c7e150d107bb0a
ipmovie,document,203,0,0,0,203,0,0,0,True,0,0,False,False,missing-fixture,
iptc,image,124,0,0,0,124,0,0,0,True,0,0,False,False,missing-fixture,
iptctext,image,124,0,0,0,124,0,0,0,True,0,0,False,False,missing-fixture,
iptcwtext,image,124,0,0,0,124,0,0,0,True,0,0,False,False,missing-fixture,
ipu,document,203,0,0,0,203,0,0,0,True,0,0,False,False,missing-fixture,
ipynb,document,65,1,0,0,64,1,1,0,False,1,0,False,False,representative-directions-passed,5504045bea5c28b18695e5453bce9fc2ba765ff6f10e7740d0c7e150d107bb0a
iqm,cad,23,1,0,0,22,1,1,0,False,1,0,False,False,representative-directions-passed,5504045bea5c28b18695e5453bce9fc2ba765ff6f10e7740d0c7e150d107bb0a
ircam,document,203,2,0,0,201,2,2,0,False,2,0,False,False,representative-directions-passed,5504045bea5c28b18695e5453bce9fc2ba765ff6f10e7740d0c7e150d107bb0a
irr,cad,23,6,0,0,17,6,6,0,False,0,6,False,False,representative-directions-passed,16c340ab0894abe96db50284c2cd1e91c12986fd7538271c21f8b3bb49fe47d5
irrmesh,cad,23,6,0,0,17,6,6,0,False,0,6,False,False,representative-directions-passed,16c340ab0894abe96db50284c2cd1e91c12986fd7538271c21f8b3bb49fe47d5
ism,document,203,1,0,0,202,1,1,0,False,1,0,False,False,representative-directions-passed,5504045bea5c28b18695e5453bce9fc2ba765ff6f10e7740d0c7e150d107bb0a
isma,document,203,2,0,0,201,2,2,0,False,2,0,False,False,representative-directions-passed,5504045bea5c28b18695e5453bce9fc2ba765ff6f10e7740d0c7e150d107bb0a
ismv,document,203,1,0,0,202,1,1,0,False,1,0,False,False,representative-directions-passed,5504045bea5c28b18695e5453bce9fc2ba765ff6f10e7740d0c7e150d107bb0a
iss,document,203,2,0,0,201,2,2,0,False,2,0,False,False,representative-directions-passed,5504045bea5c28b18695e5453bce9fc2ba765ff6f10e7740d0c7e150d107bb0a
it,document,203,0,0,0,203,0,0,0,True,0,0,False,False,missing-fixture,
iv8,document,203,0,0,0,203,0,0,0,True,0,0,False,False,missing-fixture,
ivf,document,203,1,0,0,202,1,1,0,False,1,0,False,False,representative-directions-passed,5504045bea5c28b18695e5453bce9fc2ba765ff6f10e7740d0c7e150d107bb0a
ivr,document,203,0,0,0,203,0,0,0,True,0,0,False,False,missing-fixture,
j2b,document,203,0,0,0,203,0,0,0,True,0,0,False,False,missing-fixture,
j2c,image,179,1,0,0,178,1,1,0,False,1,0,False,False,representative-directions-passed,5504045bea5c28b18695e5453bce9fc2ba765ff6f10e7740d0c7e150d107bb0a
j2k,image,312,1,0,0,311,1,1,0,False,1,0,False,False,representative-directions-passed,5504045bea5c28b18695e5453bce9fc2ba765ff6f10e7740d0c7e150d107bb0a
jacosub,document,203,1,0,0,202,1,1,0,False,1,0,False,False,representative-directions-passed,5504045bea5c28b18695e5453bce9fc2ba765ff6f10e7740d0c7e150d107bb0a
jats,document,65,1,0,0,64,1,1,0,False,1,0,False,False,representative-directions-passed,5504045bea5c28b18695e5453bce9fc2ba765ff6f10e7740d0c7e150d107bb0a
jbg,image,124,1,0,0,123,1,1,0,False,0,0,False,False,representative-directions-passed,16c340ab0894abe96db50284c2cd1e91c12986fd7538271c21f8b3bb49fe47d5
jbig,image,124,1,0,0,123,1,1,0,False,1,0,False,False,representative-directions-passed,5504045bea5c28b18695e5453bce9fc2ba765ff6f10e7740d0c7e150d107bb0a
jira,document,65,1,0,0,64,1,1,0,False,1,0,False,False,representative-directions-passed,5504045bea5c28b18695e5453bce9fc2ba765ff6f10e7740d0c7e150d107bb0a
jng,image,198,1,0,0,197,1,1,0,False,1,0,False,False,representative-directions-passed,5504045bea5c28b18695e5453bce9fc2ba765ff6f10e7740d0c7e150d107bb0a
jnx,image,198,0,0,0,198,0,0,0,True,0,0,False,False,missing-fixture,
jp2,image,179,98,0,0,81,98,98,0,False,0,98,False,False,representative-directions-passed,16c340ab0894abe96db50284c2cd1e91c12986fd7538271c21f8b3bb49fe47d5
jpc,image,169,1,0,0,168,1,1,0,False,1,0,False,False,representative-directions-passed,5504045bea5c28b18695e5453bce9fc2ba765ff6f10e7740d0c7e150d107bb0a
jpe,image,169,2,0,0,167,2,2,0,False,0,0,False,False,representative-directions-passed,16c340ab0894abe96db50284c2cd1e91c12986fd7538271c21f8b3bb49fe47d5
jpeg,image,339,2,0,0,337,2,2,0,False,0,0,False,False,representative-directions-passed,16c340ab0894abe96db50284c2cd1e91c12986fd7538271c21f8b3bb49fe47d5
jpegls,document,203,0,0,0,203,0,0,0,True,0,0,False,False,missing-fixture,
jpg,image,198,104,0,0,94,104,104,0,False,0,104,False,False,representative-directions-passed,16c340ab0894abe96db50284c2cd1e91c12986fd7538271c21f8b3bb49fe47d5
jpm,image,169,1,0,0,168,1,1,0,False,1,0,False,False,representative-directions-passed,5504045bea5c28b18695e5453bce9fc2ba765ff6f10e7740d0c7e150d107bb0a
jps,image,169,1,0,0,168,1,1,0,False,1,0,False,False,representative-directions-passed,5504045bea5c28b18695e5453bce9fc2ba765ff6f10e7740d0c7e150d107bb0a
jpt,image,169,0,0,0,169,0,0,0,True,0,0,False,False,missing-fixture,
jpx,document,23,0,0,0,23,0,0,0,True,0,0,False,False,missing-fixture,
json,document,69,1,0,0,68,1,1,0,False,1,0,False,False,representative-directions-passed,5504045bea5c28b18695e5453bce9fc2ba765ff6f10e7740d0c7e150d107bb0a
jv,document,203,0,0,0,203,0,0,0,True,0,0,False,False,missing-fixture,
jxl,image,312,36,0,0,276,36,36,0,False,0,36,False,False,representative-directions-passed,16c340ab0894abe96db50284c2cd1e91c12986fd7538271c21f8b3bb49fe47d5
k,image,124,0,0,0,124,0,0,0,True,0,0,False,False,missing-fixture,
k25,image,198,0,0,0,198,0,0,0,True,0,0,False,False,missing-fixture,
kdc,image,198,0,0,0,198,0,0,0,True,0,0,False,False,missing-fixture,
kux,document,203,0,0,0,203,0,0,0,True,0,0,False,False,missing-fixture,
kvag,document,203,0,0,0,203,0,0,0,True,0,0,False,False,missing-fixture,
laf,document,203,0,0,0,203,0,0,0,True,0,0,False,False,missing-fixture,
latex,document,65,1,0,0,64,1,1,0,False,0,1,False,False,representative-directions-passed,16c340ab0894abe96db50284c2cd1e91c12986fd7538271c21f8b3bb49fe47d5
lit,ebook,20,1,0,0,19,1,1,0,False,1,0,False,False,representative-directions-passed,5504045bea5c28b18695e5453bce9fc2ba765ff6f10e7740d0c7e150d107bb0a
lmlm4,document,203,0,0,0,203,0,0,0,True,0,0,False,False,missing-fixture,
loas,document,203,2,0,0,201,2,2,0,False,2,0,False,False,representative-directions-passed,5504045bea5c28b18695e5453bce9fc2ba765ff6f10e7740d0c7e150d107bb0a
lrc,document,203,1,0,1,202,2,1,1,False,1,0,False,False,representative-directions-pass-with-failed-specimens,5504045bea5c28b18695e5453bce9fc2ba765ff6f10e7740d0c7e150d107bb0a
lrf,ebook,34,1,0,0,33,1,1,0,False,1,0,False,False,representative-directions-passed,5504045bea5c28b18695e5453bce9fc2ba765ff6f10e7740d0c7e150d107bb0a
luodat,document,203,0,0,0,203,0,0,0,True,0,0,False,False,missing-fixture,
lvf,document,203,0,0,0,203,0,0,0,True,0,0,False,False,missing-fixture,
lwo,cad,23,6,0,0,17,6,6,0,False,0,6,False,False,representative-directions-passed,16c340ab0894abe96db50284c2cd1e91c12986fd7538271c21f8b3bb49fe47d5
lwp,document,20,0,0,0,20,0,0,0,True,0,0,False,False,missing-fixture,
lws,cad,23,6,0,0,17,6,6,0,False,0,6,False,False,representative-directions-passed,16c340ab0894abe96db50284c2cd1e91c12986fd7538271c21f8b3bb49fe47d5
lxf,document,203,0,0,0,203,0,0,0,True,0,0,False,False,missing-fixture,
lxo,cad,23,6,0,0,17,6,6,0,False,0,6,False,False,representative-directions-passed,16c340ab0894abe96db50284c2cd1e91c12986fd7538271c21f8b3bb49fe47d5
m,image,124,5,0,0,119,5,5,0,False,0,5,False,False,representative-directions-passed,16c340ab0894abe96db50284c2cd1e91c12986fd7538271c21f8b3bb49fe47d5
m15,document,203,0,0,0,203,0,0,0,True,0,0,False,False,missing-fixture,
m2a,document,203,2,0,0,201,2,2,0,False,2,0,False,False,representative-directions-passed,5504045bea5c28b18695e5453bce9fc2ba765ff6f10e7740d0c7e150d107bb0a
m2ts,document,203,1,0,0,202,1,1,0,False,1,0,False,False,representative-directions-passed,5504045bea5c28b18695e5453bce9fc2ba765ff6f10e7740d0c7e150d107bb0a
m2v,image,169,1,0,0,168,1,1,0,False,1,0,False,False,representative-directions-passed,5504045bea5c28b18695e5453bce9fc2ba765ff6f10e7740d0c7e150d107bb0a
m3d,cad,23,1,0,0,22,1,1,0,False,0,1,False,False,representative-directions-passed,16c340ab0894abe96db50284c2cd1e91c12986fd7538271c21f8b3bb49fe47d5
m4a,audio,203,45,0,0,158,45,45,0,False,0,45,False,False,representative-directions-passed,16c340ab0894abe96db50284c2cd1e91c12986fd7538271c21f8b3bb49fe47d5
m4b,document,203,2,0,0,201,2,2,0,False,2,0,False,False,representative-directions-passed,5504045bea5c28b18695e5453bce9fc2ba765ff6f10e7740d0c7e150d107bb0a
m4v,video,337,1,0,0,336,1,1,0,False,1,0,False,False,representative-directions-passed,5504045bea5c28b18695e5453bce9fc2ba765ff6f10e7740d0c7e150d107bb0a
mac,image,329,0,0,0,329,0,0,0,True,0,0,False,False,missing-fixture,
man,document,65,1,0,0,64,1,1,0,False,1,0,False,False,representative-directions-passed,5504045bea5c28b18695e5453bce9fc2ba765ff6f10e7740d0c7e150d107bb0a
map,image,198,0,0,0,198,0,0,0,True,0,0,False,False,missing-fixture,
markdown,document,65,1,0,0,64,1,1,0,False,0,1,False,False,representative-directions-passed,16c340ab0894abe96db50284c2cd1e91c12986fd7538271c21f8b3bb49fe47d5
markdown_mmd,document,65,1,0,0,64,1,1,0,False,1,0,False,False,representative-directions-passed,5504045bea5c28b18695e5453bce9fc2ba765ff6f10e7740d0c7e150d107bb0a
markdown_phpextra,document,65,1,0,0,64,1,1,0,False,1,0,False,False,representative-directions-passed,5504045bea5c28b18695e5453bce9fc2ba765ff6f10e7740d0c7e150d107bb0a
markdown_strict,document,65,1,0,0,64,1,1,0,False,1,0,False,False,representative-directions-passed,5504045bea5c28b18695e5453bce9fc2ba765ff6f10e7740d0c7e150d107bb0a
mask,image,169,0,0,0,169,0,0,0,True,0,0,False,False,missing-fixture,
mat,image,208,89,0,0,119,89,89,0,False,0,89,False,False,representative-directions-passed,16c340ab0894abe96db50284c2cd1e91c12986fd7538271c21f8b3bb49fe47d5
mca,document,203,0,0,0,203,0,0,0,True,0,0,False,False,missing-fixture,
mcc,document,203,0,0,0,203,0,0,0,True,0,0,False,False,missing-fixture,
mcw,document,20,0,0,0,20,0,0,0,True,0,0,False,False,missing-fixture,
md2,cad,23,1,0,0,22,1,1,0,False,1,0,False,False,representative-directions-passed,5504045bea5c28b18695e5453bce9fc2ba765ff6f10e7740d0c7e150d107bb0a
md3,cad,23,0,0,0,23,0,0,0,True,0,0,False,False,missing-fixture,
md5anim,cad,23,0,0,0,23,0,0,0,True,0,0,False,False,missing-fixture,
md5camera,cad,23,0,0,0,23,0,0,0,True,0,0,False,False,missing-fixture,
md5mesh,cad,23,6,0,0,17,6,6,0,False,0,6,False,False,representative-directions-passed,16c340ab0894abe96db50284c2cd1e91c12986fd7538271c21f8b3bb49fe47d5
mdc,cad,201,1,0,0,200,1,1,0,False,1,0,False,False,representative-directions-passed,5504045bea5c28b18695e5453bce9fc2ba765ff6f10e7740d0c7e150d107bb0a
mdl,cad,226,0,1,1,225,1,0,1,False,0,0,False,False,tested-specimens-failed,16c340ab0894abe96db50284c2cd1e91c12986fd7538271c21f8b3bb49fe47d5
med,document,203,0,0,0,203,0,0,0,True,0,0,False,False,missing-fixture,
mediawiki,document,65,1,0,0,64,1,1,0,False,1,0,False,False,representative-directions-passed,5504045bea5c28b18695e5453bce9fc2ba765ff6f10e7740d0c7e150d107bb0a
mef,image,198,0,0,0,198,0,0,0,True,0,0,False,False,missing-fixture,
mesh,cad,23,0,0,0,23,0,0,0,True,0,0,False,False,missing-fixture,
mesh.xml,cad,23,1,0,0,22,1,1,0,False,1,0,False,False,representative-directions-passed,5504045bea5c28b18695e5453bce9fc2ba765ff6f10e7740d0c7e150d107bb0a
microdvd,document,203,1,0,0,202,1,1,0,False,1,0,False,False,representative-directions-passed,5504045bea5c28b18695e5453bce9fc2ba765ff6f10e7740d0c7e150d107bb0a
miff,image,198,1,0,0,197,1,1,0,False,1,0,False,False,representative-directions-passed,5504045bea5c28b18695e5453bce9fc2ba765ff6f10e7740d0c7e150d107bb0a
mj2,document,203,0,0,0,203,0,0,0,True,0,0,False,False,missing-fixture,
mjpeg,document,203,1,0,0,202,1,1,0,False,1,0,False,False,representative-directions-passed,5504045bea5c28b18695e5453bce9fc2ba765ff6f10e7740d0c7e150d107bb0a
mjpg,document,203,1,0,0,202,1,1,0,False,1,0,False,False,representative-directions-passed,5504045bea5c28b18695e5453bce9fc2ba765ff6f10e7740d0c7e150d107bb0a
mk3d,document,203,1,0,0,202,1,1,0,False,1,0,False,False,representative-directions-passed,5504045bea5c28b18695e5453bce9fc2ba765ff6f10e7740d0c7e150d107bb0a
mka,document,203,2,0,0,201,2,2,0,False,2,0,False,False,representative-directions-passed,5504045bea5c28b18695e5453bce9fc2ba765ff6f10e7740d0c7e150d107bb0a
mks,document,203,1,0,0,202,1,1,0,False,1,0,False,False,representative-directions-passed,5504045bea5c28b18695e5453bce9fc2ba765ff6f10e7740d0c7e150d107bb0a
mkv,video,337,126,0,0,211,126,126,0,False,2,124,False,False,representative-directions-passed,16c340ab0894abe96db50284c2cd1e91c12986fd7538271c21f8b3bb49fe47d5|5504045bea5c28b18695e5453bce9fc2ba765ff6f10e7740d0c7e150d107bb0a
mlp,document,203,2,0,0,201,2,2,0,False,2,0,False,False,representative-directions-passed,5504045bea5c28b18695e5453bce9fc2ba765ff6f10e7740d0c7e150d107bb0a
mlv,document,203,0,0,0,203,0,0,0,True,0,0,False,False,missing-fixture,
mm,document,203,1,0,0,202,1,1,0,False,1,0,False,False,representative-directions-passed,5504045bea5c28b18695e5453bce9fc2ba765ff6f10e7740d0c7e150d107bb0a
mmcmp,document,203,0,0,0,203,0,0,0,True,0,0,False,False,missing-fixture,
mmf,document,203,2,0,0,201,2,2,0,False,2,0,False,False,representative-directions-passed,5504045bea5c28b18695e5453bce9fc2ba765ff6f10e7740d0c7e150d107bb0a
mms,document,203,0,0,0,203,0,0,0,True,0,0,False,False,missing-fixture,
mng,image,198,1,0,0,197,1,1,0,False,1,0,False,False,representative-directions-passed,5504045bea5c28b18695e5453bce9fc2ba765ff6f10e7740d0c7e150d107bb0a
mo3,document,203,0,0,0,203,0,0,0,True,0,0,False,False,missing-fixture,
mobi,ebook,20,1,0,0,19,1,1,0,False,1,0,False,False,representative-directions-passed,5504045bea5c28b18695e5453bce9fc2ba765ff6f10e7740d0c7e150d107bb0a
mod,document,203,0,0,0,203,0,0,0,True,0,0,False,False,missing-fixture,
mods,document,203,0,0,0,203,0,0,0,True,0,0,False,False,missing-fixture,
moflex,document,203,0,0,0,203,0,0,0,True,0,0,False,False,missing-fixture,
mono,image,198,0,1,1,197,1,0,1,False,0,0,False,False,tested-specimens-failed,99ea04cd8ba99d67760c326d2d79652b911959cf6a51dc7d3c6c9872ab11f2c6
mos,document,179,0,0,0,179,0,0,0,True,0,0,False,False,missing-fixture,
mot,cad,23,0,0,0,23,0,0,0,True,0,0,False,False,missing-fixture,
mov,video,337,126,0,0,211,126,126,0,False,2,124,False,False,representative-directions-passed,16c340ab0894abe96db50284c2cd1e91c12986fd7538271c21f8b3bb49fe47d5|5504045bea5c28b18695e5453bce9fc2ba765ff6f10e7740d0c7e150d107bb0a
mp2,document,203,2,0,0,201,2,2,0,False,2,0,False,False,representative-directions-passed,5504045bea5c28b18695e5453bce9fc2ba765ff6f10e7740d0c7e150d107bb0a
mp3,audio,204,46,0,0,158,46,46,0,False,2,44,False,False,representative-directions-passed,16c340ab0894abe96db50284c2cd1e91c12986fd7538271c21f8b3bb49fe47d5|5504045bea5c28b18695e5453bce9fc2ba765ff6f10e7740d0c7e150d107bb0a
mp4,video,337,126,0,0,211,126,126,0,False,2,124,False,False,representative-directions-passed,16c340ab0894abe96db50284c2cd1e91c12986fd7538271c21f8b3bb49fe47d5|5504045bea5c28b18695e5453bce9fc2ba765ff6f10e7740d0c7e150d107bb0a
mpa,document,203,2,0,0,201,2,2,0,False,2,0,False,False,representative-directions-passed,5504045bea5c28b18695e5453bce9fc2ba765ff6f10e7740d0c7e150d107bb0a
mpc,image,329,0,1,1,328,1,0,1,False,0,0,False,False,tested-specimens-failed,16c340ab0894abe96db50284c2cd1e91c12986fd7538271c21f8b3bb49fe47d5
mpc8,document,203,0,0,0,203,0,0,0,True,0,0,False,False,missing-fixture,
mpeg,image,302,1,0,0,301,1,1,0,False,1,0,False,False,representative-directions-passed,5504045bea5c28b18695e5453bce9fc2ba765ff6f10e7740d0c7e150d107bb0a
mpg,image,302,1,0,0,301,1,1,0,False,1,0,False,False,representative-directions-passed,5504045bea5c28b18695e5453bce9fc2ba765ff6f10e7740d0c7e150d107bb0a
mpjpeg,document,203,0,0,0,203,0,0,0,True,0,0,False,False,missing-fixture,
mpl2,document,203,1,0,0,202,1,1,0,False,1,0,False,False,representative-directions-passed,5504045bea5c28b18695e5453bce9fc2ba765ff6f10e7740d0c7e150d107bb0a
mpo,document,337,0,0,0,337,0,0,0,True,0,0,False,False,missing-fixture,
mpsub,document,203,1,0,0,202,1,1,0,False,1,0,False,False,representative-directions-passed,5504045bea5c28b18695e5453bce9fc2ba765ff6f10e7740d0c7e150d107bb0a
mptm,document,203,0,0,0,203,0,0,0,True,0,0,False,False,missing-fixture,
mrw,image,198,0,0,0,198,0,0,0,True,0,0,False,False,missing-fixture,
mrxs,document,23,0,0,0,23,0,0,0,True,0,0,False,False,missing-fixture,
ms3d,cad,23,6,0,0,17,6,6,0,False,0,6,False,False,representative-directions-passed,16c340ab0894abe96db50284c2cd1e91c12986fd7538271c21f8b3bb49fe47d5
msbc,document,203,1,0,0,202,1,1,0,False,1,0,False,False,representative-directions-passed,5504045bea5c28b18695e5453bce9fc2ba765ff6f10e7740d0c7e150d107bb0a
msf,document,203,0,0,0,203,0,0,0,True,0,0,False,False,missing-fixture,
msg,document,2,1,0,0,1,1,1,0,False,1,0,False,False,representative-directions-passed,5504045bea5c28b18695e5453bce9fc2ba765ff6f10e7740d0c7e150d107bb0a
msl,image,198,0,0,0,198,0,0,0,True,0,0,False,False,missing-fixture,
msnwctcp,document,203,0,0,0,203,0,0,0,True,0,0,False,False,missing-fixture,
msp,document,203,0,0,0,203,0,0,0,True,0,0,False,False,missing-fixture,
msvg,image,169,0,0,0,169,0,0,0,True,0,0,False,False,missing-fixture,
mt2,document,203,0,0,0,203,0,0,0,True,0,0,False,False,missing-fixture,
mtaf,document,203,0,0,0,203,0,0,0,True,0,0,False,False,missing-fixture,
mtm,document,203,0,0,0,203,0,0,0,True,0,0,False,False,missing-fixture,
mtv,image,329,1,0,0,328,1,1,0,False,1,0,False,False,representative-directions-passed,5504045bea5c28b18695e5453bce9fc2ba765ff6f10e7740d0c7e150d107bb0a
mulaw,document,203,0,1,1,202,1,0,1,False,0,0,False,False,tested-specimens-failed,99ea04cd8ba99d67760c326d2d79652b911959cf6a51dc7d3c6c9872ab11f2c6
muse,document,65,1,0,0,64,1,1,0,False,1,0,False,False,representative-directions-passed,5504045bea5c28b18695e5453bce9fc2ba765ff6f10e7740d0c7e150d107bb0a
musx,document,203,0,0,0,203,0,0,0,True,0,0,False,False,missing-fixture,
mv,document,203,0,0,0,203,0,0,0,True,0,0,False,False,missing-fixture,
mvg,image,198,0,1,1,197,1,0,1,False,0,0,False,False,tested-specimens-failed,c4fb1b596d17fa9b90bbb897398581d555827f0363d93858350bdf7eeb0a935e
mvi,document,203,0,0,0,203,0,0,0,True,0,0,False,False,missing-fixture,
mw,document,20,0,0,0,20,0,0,0,True,0,0,False,False,missing-fixture,
mwd,document,20,0,0,0,20,0,0,0,True,0,0,False,False,missing-fixture,
mxf,document,203,1,0,0,202,1,1,0,False,1,0,False,False,representative-directions-passed,5504045bea5c28b18695e5453bce9fc2ba765ff6f10e7740d0c7e150d107bb0a
mxg,document,203,1,0,0,202,1,1,0,False,1,0,False,False,representative-directions-passed,5504045bea5c28b18695e5453bce9fc2ba765ff6f10e7740d0c7e150d107bb0a
nc,document,203,0,0,0,203,0,0,0,True,0,0,False,False,missing-fixture,
ndo,cad,23,0,0,0,23,0,0,0,True,0,0,False,False,missing-fixture,
ndpi,document,23,0,0,0,23,0,0,0,True,0,0,False,False,missing-fixture,
nef,image,198,1,0,1,197,2,1,1,False,1,0,False,False,representative-directions-pass-with-failed-specimens,16c340ab0894abe96db50284c2cd1e91c12986fd7538271c21f8b3bb49fe47d5|5504045bea5c28b18695e5453bce9fc2ba765ff6f10e7740d0c7e150d107bb0a
nff,cad,23,1,0,0,22,1,1,0,False,0,1,False,False,representative-directions-passed,16c340ab0894abe96db50284c2cd1e91c12986fd7538271c21f8b3bb49fe47d5
nfo,document,203,0,0,0,203,0,0,0,True,0,0,False,False,missing-fixture,
nia,document,23,0,0,0,23,0,0,0,True,0,0,False,False,missing-fixture,
nia.gz,document,23,0,0,0,23,0,0,0,True,0,0,False,False,missing-fixture,
nii,document,23,0,0,0,23,0,0,0,True,0,0,False,False,missing-fixture,
nii.gz,document,23,0,0,0,23,0,0,0,True,0,0,False,False,missing-fixture,
nist,document,203,2,0,0,201,2,2,0,False,2,0,False,False,representative-directions-passed,5504045bea5c28b18695e5453bce9fc2ba765ff6f10e7740d0c7e150d107bb0a
nistsphere,document,203,0,0,0,203,0,0,0,True,0,0,False,False,missing-fixture,
nrw,document,179,0,0,0,179,0,0,0,True,0,0,False,False,missing-fixture,
nsp,document,203,0,0,0,203,0,0,0,True,0,0,False,False,missing-fixture,
nst,document,203,0,0,0,203,0,0,0,True,0,0,False,False,missing-fixture,
nsv,document,203,0,0,0,203,0,0,0,True,0,0,False,False,missing-fixture,
nut,document,203,1,0,0,202,1,1,0,False,1,0,False,False,representative-directions-passed,5504045bea5c28b18695e5453bce9fc2ba765ff6f10e7740d0c7e150d107bb0a
nuv,document,203,1,0,0,202,1,1,0,False,1,0,False,False,representative-directions-passed,5504045bea5c28b18695e5453bce9fc2ba765ff6f10e7740d0c7e150d107bb0a
o,image,124,0,0,0,124,0,0,0,True,0,0,False,False,missing-fixture,
obj,cad,23,6,0,0,17,6,6,0,False,1,5,False,False,representative-directions-passed,16c340ab0894abe96db50284c2cd1e91c12986fd7538271c21f8b3bb49fe47d5|5504045bea5c28b18695e5453bce9fc2ba765ff6f10e7740d0c7e150d107bb0a
obu,document,203,1,0,0,202,1,1,0,False,1,0,False,False,representative-directions-passed,5504045bea5c28b18695e5453bce9fc2ba765ff6f10e7740d0c7e150d107bb0a
odp,presentation,2,2,0,0,0,2,2,0,False,0,2,True,True,all-declared-directions-passed,16c340ab0894abe96db50284c2cd1e91c12986fd7538271c21f8b3bb49fe47d5
ods,document,10,2,0,0,8,2,2,0,False,0,2,False,False,representative-directions-passed,16c340ab0894abe96db50284c2cd1e91c12986fd7538271c21f8b3bb49fe47d5
odt,ebook,34,8,0,0,26,8,8,0,False,0,8,False,False,representative-directions-passed,16c340ab0894abe96db50284c2cd1e91c12986fd7538271c21f8b3bb49fe47d5
off,cad,23,6,0,0,17,6,6,0,False,0,6,False,False,representative-directions-passed,16c340ab0894abe96db50284c2cd1e91c12986fd7538271c21f8b3bb49fe47d5
ogex,cad,23,1,0,0,22,1,1,0,False,0,1,False,False,representative-directions-passed,16c340ab0894abe96db50284c2cd1e91c12986fd7538271c21f8b3bb49fe47d5
ogg,audio,203,39,0,0,164,39,39,0,False,2,37,False,False,representative-directions-passed,16c340ab0894abe96db50284c2cd1e91c12986fd7538271c21f8b3bb49fe47d5|5504045bea5c28b18695e5453bce9fc2ba765ff6f10e7740d0c7e150d107bb0a
okt,document,203,0,0,0,203,0,0,0,True,0,0,False,False,missing-fixture,
oma,document,203,0,0,0,203,0,0,0,True,0,0,False,False,missing-fixture,
omg,document,203,0,0,0,203,0,0,0,True,0,0,False,False,missing-fixture,
opml,document,65,1,0,0,64,1,1,0,False,1,0,False,False,representative-directions-passed,5504045bea5c28b18695e5453bce9fc2ba765ff6f10e7740d0c7e150d107bb0a
opus,audio,203,39,0,0,164,39,39,0,False,2,37,False,False,representative-directions-passed,16c340ab0894abe96db50284c2cd1e91c12986fd7538271c21f8b3bb49fe47d5|5504045bea5c28b18695e5453bce9fc2ba765ff6f10e7740d0c7e150d107bb0a
ora,document,179,0,0,0,179,0,0,0,True,0,0,False,False,missing-fixture,
orf,image,198,0,0,0,198,0,0,0,True,0,0,False,False,missing-fixture,
org,document,65,1,0,0,64,1,1,0,False,1,0,False,False,representative-directions-passed,5504045bea5c28b18695e5453bce9fc2ba765ff6f10e7740d0c7e150d107bb0a
osq,document,203,0,0,0,203,0,0,0,True,0,0,False,False,missing-fixture,
otb,image,198,1,0,0,197,1,1,0,False,1,0,False,False,representative-directions-passed,5504045bea5c28b18695e5453bce9fc2ba765ff6f10e7740d0c7e150d107bb0a
otf,font,3,1,0,0,2,1,1,0,False,0,1,False,False,representative-directions-passed,16c340ab0894abe96db50284c2cd1e91c12986fd7538271c21f8b3bb49fe47d5
ott,document,20,1,0,0,19,1,1,0,False,1,0,False,False,representative-directions-passed,5504045bea5c28b18695e5453bce9fc2ba765ff6f10e7740d0c7e150d107bb0a
p7,image,124,3,0,0,121,3,3,0,False,0,3,False,False,representative-directions-passed,16c340ab0894abe96db50284c2cd1e91c12986fd7538271c21f8b3bb49fe47d5
paf,document,203,0,0,0,203,0,0,0,True,0,0,False,False,missing-fixture,
pages,document,20,1,0,0,19,1,1,0,False,1,0,False,False,representative-directions-passed,5504045bea5c28b18695e5453bce9fc2ba765ff6f10e7740d0c7e150d107bb0a
pal,image,198,0,1,1,197,1,0,1,False,0,0,False,False,tested-specimens-failed,99ea04cd8ba99d67760c326d2d79652b911959cf6a51dc7d3c6c9872ab11f2c6
palm,image,198,1,0,0,197,1,1,0,False,1,0,False,False,representative-directions-passed,5504045bea5c28b18695e5453bce9fc2ba765ff6f10e7740d0c7e150d107bb0a
pam,image,329,1,0,0,328,1,1,0,False,1,0,False,False,representative-directions-passed,5504045bea5c28b18695e5453bce9fc2ba765ff6f10e7740d0c7e150d107bb0a
pandoc native,document,65,1,0,0,64,1,1,0,False,1,0,False,False,representative-directions-passed,5504045bea5c28b18695e5453bce9fc2ba765ff6f10e7740d0c7e150d107bb0a
pbm,image,335,1,0,0,334,1,1,0,False,0,1,False,False,representative-directions-passed,16c340ab0894abe96db50284c2cd1e91c12986fd7538271c21f8b3bb49fe47d5
pcd,image,198,1,0,0,197,1,1,0,False,1,0,False,False,representative-directions-passed,5504045bea5c28b18695e5453bce9fc2ba765ff6f10e7740d0c7e150d107bb0a
pcds,image,198,1,0,0,197,1,1,0,False,1,0,False,False,representative-directions-passed,5504045bea5c28b18695e5453bce9fc2ba765ff6f10e7740d0c7e150d107bb0a
pcl,image,169,0,0,0,169,0,0,0,True,0,0,False,False,missing-fixture,
pct,image,198,76,0,0,122,76,76,0,False,0,76,False,False,representative-directions-passed,16c340ab0894abe96db50284c2cd1e91c12986fd7538271c21f8b3bb49fe47d5
pcx,image,329,79,0,0,250,79,79,0,False,0,79,False,False,representative-directions-passed,16c340ab0894abe96db50284c2cd1e91c12986fd7538271c21f8b3bb49fe47d5
pdb,ebook,224,1,0,0,223,1,1,0,False,1,0,False,False,representative-directions-passed,5504045bea5c28b18695e5453bce9fc2ba765ff6f10e7740d0c7e150d107bb0a
pdf,document,258,64,0,0,194,64,64,0,False,0,64,False,False,representative-directions-passed,16c340ab0894abe96db50284c2cd1e91c12986fd7538271c21f8b3bb49fe47d5
pdfa,image,169,1,0,0,168,1,1,0,False,1,0,False,False,representative-directions-passed,5504045bea5c28b18695e5453bce9fc2ba765ff6f10e7740d0c7e150d107bb0a
pdv,document,203,0,0,0,203,0,0,0,True,0,0,False,False,missing-fixture,
pef,image,198,1,0,1,197,2,1,1,False,1,0,False,False,representative-directions-pass-with-failed-specimens,16c340ab0894abe96db50284c2cd1e91c12986fd7538271c21f8b3bb49fe47d5|5504045bea5c28b18695e5453bce9fc2ba765ff6f10e7740d0c7e150d107bb0a
pes,document,179,0,0,0,179,0,0,0,True,0,0,False,False,missing-fixture,
pfa,image,198,0,0,0,198,0,0,0,True,0,0,False,False,missing-fixture,
pfb,image,198,0,0,0,198,0,0,0,True,0,0,False,False,missing-fixture,
pfm,image,179,1,0,0,178,1,1,0,False,1,0,False,False,representative-directions-passed,5504045bea5c28b18695e5453bce9fc2ba765ff6f10e7740d0c7e150d107bb0a
pgm,image,345,1,0,0,344,1,1,0,False,0,1,False,False,representative-directions-passed,16c340ab0894abe96db50284c2cd1e91c12986fd7538271c21f8b3bb49fe47d5
pgmyuv,document,203,1,0,0,202,1,1,0,False,1,0,False,False,representative-directions-passed,5504045bea5c28b18695e5453bce9fc2ba765ff6f10e7740d0c7e150d107bb0a
pgx,image,302,1,0,0,301,1,1,0,False,1,0,False,False,representative-directions-passed,5504045bea5c28b18695e5453bce9fc2ba765ff6f10e7740d0c7e150d107bb0a
phm,image,169,1,0,0,168,1,1,0,False,1,0,False,False,representative-directions-passed,5504045bea5c28b18695e5453bce9fc2ba765ff6f10e7740d0c7e150d107bb0a
photocd,document,203,0,0,0,203,0,0,0,True,0,0,False,False,missing-fixture,
pic,document,23,0,0,0,23,0,0,0,True,0,0,False,False,missing-fixture,
picon,image,198,1,0,0,197,1,1,0,False,1,0,False,False,representative-directions-passed,5504045bea5c28b18695e5453bce9fc2ba765ff6f10e7740d0c7e150d107bb0a
pict,image,198,1,0,0,197,1,1,0,False,1,0,False,False,representative-directions-passed,5504045bea5c28b18695e5453bce9fc2ba765ff6f10e7740d0c7e150d107bb0a
pictor,document,203,0,0,0,203,0,0,0,True,0,0,False,False,missing-fixture,
pix,image,198,1,0,0,197,1,1,0,False,1,0,False,False,representative-directions-passed,5504045bea5c28b18695e5453bce9fc2ba765ff6f10e7740d0c7e150d107bb0a
pjpeg,image,169,1,0,0,168,1,1,0,False,0,0,False,False,representative-directions-passed,16c340ab0894abe96db50284c2cd1e91c12986fd7538271c21f8b3bb49fe47d5
pjs,document,203,1,0,0,202,1,1,0,False,1,0,False,False,representative-directions-passed,5504045bea5c28b18695e5453bce9fc2ba765ff6f10e7740d0c7e150d107bb0a
pk3,cad,23,0,0,0,23,0,0,0,True,0,0,False,False,missing-fixture,
plm,document,203,0,0,0,203,0,0,0,True,0,0,False,False,missing-fixture,
ply,cad,23,4,0,0,19,4,4,0,False,0,4,False,False,representative-directions-passed,16c340ab0894abe96db50284c2cd1e91c12986fd7538271c21f8b3bb49fe47d5
pml,ebook,20,1,0,0,19,1,1,0,False,1,0,False,False,representative-directions-passed,5504045bea5c28b18695e5453bce9fc2ba765ff6f10e7740d0c7e150d107bb0a
pmp,document,203,0,0,0,203,0,0,0,True,0,0,False,False,missing-fixture,
pmx,cad,23,0,0,0,23,0,0,0,True,0,0,False,False,missing-fixture,
png,image,349,81,0,0,268,81,81,0,False,0,81,False,False,representative-directions-passed,16c340ab0894abe96db50284c2cd1e91c12986fd7538271c21f8b3bb49fe47d5
png00,image,198,1,0,0,197,1,1,0,False,0,0,False,False,representative-directions-passed,16c340ab0894abe96db50284c2cd1e91c12986fd7538271c21f8b3bb49fe47d5
png24,image,198,1,0,0,197,1,1,0,False,0,0,False,False,representative-directions-passed,16c340ab0894abe96db50284c2cd1e91c12986fd7538271c21f8b3bb49fe47d5
png32,image,198,1,0,0,197,1,1,0,False,0,0,False,False,representative-directions-passed,16c340ab0894abe96db50284c2cd1e91c12986fd7538271c21f8b3bb49fe47d5
png48,image,198,1,0,0,197,1,1,0,False,0,0,False,False,representative-directions-passed,16c340ab0894abe96db50284c2cd1e91c12986fd7538271c21f8b3bb49fe47d5
png64,image,198,1,0,0,197,1,1,0,False,0,0,False,False,representative-directions-passed,16c340ab0894abe96db50284c2cd1e91c12986fd7538271c21f8b3bb49fe47d5
png8,image,198,1,0,0,197,1,1,0,False,0,0,False,False,representative-directions-passed,16c340ab0894abe96db50284c2cd1e91c12986fd7538271c21f8b3bb49fe47d5
pnm,image,204,1,0,0,203,1,1,0,False,1,0,False,False,representative-directions-passed,5504045bea5c28b18695e5453bce9fc2ba765ff6f10e7740d0c7e150d107bb0a
pocketmod,image,169,0,0,0,169,0,0,0,True,0,0,False,False,missing-fixture,
pot,presentation,3,0,0,0,3,0,0,0,True,0,0,False,False,missing-fixture,
potx,presentation,3,1,0,0,2,1,1,0,False,1,0,False,False,representative-directions-passed,5504045bea5c28b18695e5453bce9fc2ba765ff6f10e7740d0c7e150d107bb0a
pp,document,203,0,0,0,203,0,0,0,True,0,0,False,False,missing-fixture,
ppm,image,339,77,0,0,262,77,77,0,False,0,77,False,False,representative-directions-passed,16c340ab0894abe96db50284c2cd1e91c12986fd7538271c21f8b3bb49fe47d5
pps,presentation,3,0,0,0,3,0,0,0,True,0,0,False,False,missing-fixture,
ppsx,presentation,3,2,0,0,1,2,2,0,False,0,2,False,False,representative-directions-passed,16c340ab0894abe96db50284c2cd1e91c12986fd7538271c21f8b3bb49fe47d5
ppt,presentation,3,1,0,0,2,1,1,0,False,0,1,False,False,representative-directions-passed,16c340ab0894abe96db50284c2cd1e91c12986fd7538271c21f8b3bb49fe47d5
pptm,presentation,3,2,0,0,1,2,2,0,False,0,2,False,False,representative-directions-passed,16c340ab0894abe96db50284c2cd1e91c12986fd7538271c21f8b3bb49fe47d5
pptx,presentation,3,2,0,0,1,2,2,0,False,0,2,False,False,representative-directions-passed,16c340ab0894abe96db50284c2cd1e91c12986fd7538271c21f8b3bb49fe47d5
prj,cad,23,0,0,0,23,0,0,0,True,0,0,False,False,missing-fixture,
ps,vector,208,1,0,0,207,1,1,0,False,1,0,False,False,representative-directions-passed,5504045bea5c28b18695e5453bce9fc2ba765ff6f10e7740d0c7e150d107bb0a
psb,image,169,1,0,0,168,1,1,0,False,1,0,False,False,representative-directions-passed,5504045bea5c28b18695e5453bce9fc2ba765ff6f10e7740d0c7e150d107bb0a
psd,image,302,34,0,0,268,34,34,0,False,0,34,False,False,representative-directions-passed,16c340ab0894abe96db50284c2cd1e91c12986fd7538271c21f8b3bb49fe47d5
psm,document,203,0,0,0,203,0,0,0,True,0,0,False,False,missing-fixture,
psp,document,203,0,0,0,203,0,0,0,True,0,0,False,False,missing-fixture,
psw,document,20,0,0,0,20,0,0,0,True,0,0,False,False,missing-fixture,
psxstr,document,203,0,0,0,203,0,0,0,True,0,0,False,False,missing-fixture,
pt36,document,203,0,0,0,203,0,0,0,True,0,0,False,False,missing-fixture,
ptif,image,198,1,0,0,197,1,1,0,False,1,0,False,False,representative-directions-passed,5504045bea5c28b18695e5453bce9fc2ba765ff6f10e7740d0c7e150d107bb0a
ptm,document,203,0,0,0,203,0,0,0,True,0,0,False,False,missing-fixture,
pva,document,203,1,0,0,202,1,1,0,False,1,0,False,False,representative-directions-passed,5504045bea5c28b18695e5453bce9fc2ba765ff6f10e7740d0c7e150d107bb0a
pvf,document,203,0,0,0,203,0,0,0,True,0,0,False,False,missing-fixture,
pwp,image,198,0,0,0,198,0,0,0,True,0,0,False,False,missing-fixture,
q3o,cad,23,1,0,0,22,1,1,0,False,0,1,False,False,representative-directions-passed,16c340ab0894abe96db50284c2cd1e91c12986fd7538271c21f8b3bb49fe47d5
q3s,cad,23,1,0,0,22,1,1,0,False,1,0,False,False,representative-directions-passed,5504045bea5c28b18695e5453bce9fc2ba765ff6f10e7740d0c7e150d107bb0a
qcif,document,203,0,0,0,203,0,0,0,True,0,0,False,False,missing-fixture,
qcp,document,203,2,0,0,201,2,2,0,False,2,0,False,False,representative-directions-passed,5504045bea5c28b18695e5453bce9fc2ba765ff6f10e7740d0c7e150d107bb0a
qdraw,document,203,0,0,0,203,0,0,0,True,0,0,False,False,missing-fixture,
qoi,image,169,1,0,0,168,1,1,0,False,1,0,False,False,representative-directions-passed,5504045bea5c28b18695e5453bce9fc2ba765ff6f10e7740d0c7e150d107bb0a
r,image,124,0,0,0,124,0,0,0,True,0,0,False,False,missing-fixture,
r3d,document,203,0,0,0,203,0,0,0,True,0,0,False,False,missing-fixture,
radial,document,179,0,0,0,179,0,0,0,True,0,0,False,False,missing-fixture,
raf,image,198,0,0,0,198,0,0,0,True,0,0,False,False,missing-fixture,
ras,image,198,1,0,0,197,1,1,0,False,1,0,False,False,representative-directions-passed,5504045bea5c28b18695e5453bce9fc2ba765ff6f10e7740d0c7e150d107bb0a
raw,cad,211,0,1,1,210,1,0,1,False,0,0,False,False,tested-specimens-failed,16c340ab0894abe96db50284c2cd1e91c12986fd7538271c21f8b3bb49fe47d5
rawvideo,document,203,0,0,0,203,0,0,0,True,0,0,False,False,missing-fixture,
rb,ebook,20,1,0,0,19,1,1,0,False,1,0,False,False,representative-directions-passed,5504045bea5c28b18695e5453bce9fc2ba765ff6f10e7740d0c7e150d107bb0a
rco,document,203,0,0,0,203,0,0,0,True,0,0,False,False,missing-fixture,
rcv,document,203,1,0,0,202,1,1,0,False,1,0,False,False,representative-directions-passed,5504045bea5c28b18695e5453bce9fc2ba765ff6f10e7740d0c7e150d107bb0a
realtext,document,203,1,0,0,202,1,1,0,False,1,0,False,False,representative-directions-passed,5504045bea5c28b18695e5453bce9fc2ba765ff6f10e7740d0c7e150d107bb0a
redspark,document,203,0,0,0,203,0,0,0,True,0,0,False,False,missing-fixture,
rgb,image,329,0,1,1,328,1,0,1,False,0,0,False,False,tested-specimens-failed,99ea04cd8ba99d67760c326d2d79652b911959cf6a51dc7d3c6c9872ab11f2c6
rgb565,document,179,0,0,0,179,0,0,0,True,0,0,False,False,missing-fixture,
rgba,image,198,0,1,1,197,1,0,1,False,0,0,False,False,tested-specimens-failed,99ea04cd8ba99d67760c326d2d79652b911959cf6a51dc7d3c6c9872ab11f2c6
rgbo,image,169,0,1,1,168,1,0,1,False,0,0,False,False,tested-specimens-failed,99ea04cd8ba99d67760c326d2d79652b911959cf6a51dc7d3c6c9872ab11f2c6
rgf,image,169,0,1,1,168,1,0,1,False,0,0,False,False,tested-specimens-failed,16c340ab0894abe96db50284c2cd1e91c12986fd7538271c21f8b3bb49fe47d5
ris,document,65,1,0,0,64,1,1,0,False,1,0,False,False,representative-directions-passed,5504045bea5c28b18695e5453bce9fc2ba765ff6f10e7740d0c7e150d107bb0a
rka,document,203,1,0,0,202,1,1,0,False,1,0,False,False,representative-directions-passed,5504045bea5c28b18695e5453bce9fc2ba765ff6f10e7740d0c7e150d107bb0a
rl2,document,203,0,0,0,203,0,0,0,True,0,0,False,False,missing-fixture,
rla,image,198,0,0,0,198,0,0,0,True,0,0,False,False,missing-fixture,
rle,image,198,0,0,0,198,0,0,0,True,0,0,False,False,missing-fixture,
rm,document,203,1,0,0,202,1,1,0,False,1,0,False,False,representative-directions-passed,5504045bea5c28b18695e5453bce9fc2ba765ff6f10e7740d0c7e150d107bb0a
rmf,document,179,0,0,0,179,0,0,0,True,0,0,False,False,missing-fixture,
roq,document,203,1,0,0,202,1,1,0,False,1,0,False,False,representative-directions-passed,5504045bea5c28b18695e5453bce9fc2ba765ff6f10e7740d0c7e150d107bb0a
rpl,document,203,0,0,0,203,0,0,0,True,0,0,False,False,missing-fixture,
rsd,document,203,2,0,0,201,2,2,0,False,2,0,False,False,representative-directions-passed,5504045bea5c28b18695e5453bce9fc2ba765ff6f10e7740d0c7e150d107bb0a
rso,document,203,2,0,0,201,2,2,0,False,2,0,False,False,representative-directions-passed,5504045bea5c28b18695e5453bce9fc2ba765ff6f10e7740d0c7e150d107bb0a
rst,document,65,1,0,0,64,1,1,0,False,0,1,False,False,representative-directions-passed,16c340ab0894abe96db50284c2cd1e91c12986fd7538271c21f8b3bb49fe47d5
rsvg,image,169,0,0,0,169,0,0,0,True,0,0,False,False,missing-fixture,
rt,document,203,1,0,0,202,1,1,0,False,1,0,False,False,representative-directions-passed,5504045bea5c28b18695e5453bce9fc2ba765ff6f10e7740d0c7e150d107bb0a
rtf,ebook,92,5,0,0,87,5,5,0,False,0,5,False,False,representative-directions-passed,16c340ab0894abe96db50284c2cd1e91c12986fd7538271c21f8b3bb49fe47d5
rtp,document,203,0,0,0,203,0,0,0,True,0,0,False,False,missing-fixture,
rtsp,document,203,0,0,0,203,0,0,0,True,0,0,False,False,missing-fixture,
rw2,document,179,0,0,0,179,0,0,0,True,0,0,False,False,missing-fixture,
rwl,document,179,0,0,0,179,0,0,0,True,0,0,False,False,missing-fixture,
s16be,document,203,0,1,1,202,1,0,1,False,0,0,False,False,tested-specimens-failed,99ea04cd8ba99d67760c326d2d79652b911959cf6a51dc7d3c6c9872ab11f2c6
s16le,document,203,0,1,1,202,1,0,1,False,0,0,False,False,tested-specimens-failed,99ea04cd8ba99d67760c326d2d79652b911959cf6a51dc7d3c6c9872ab11f2c6
s24be,document,203,0,1,1,202,1,0,1,False,0,0,False,False,tested-specimens-failed,99ea04cd8ba99d67760c326d2d79652b911959cf6a51dc7d3c6c9872ab11f2c6
s24le,document,203,0,1,1,202,1,0,1,False,0,0,False,False,tested-specimens-failed,99ea04cd8ba99d67760c326d2d79652b911959cf6a51dc7d3c6c9872ab11f2c6
s32be,document,203,0,1,1,202,1,0,1,False,0,0,False,False,tested-specimens-failed,99ea04cd8ba99d67760c326d2d79652b911959cf6a51dc7d3c6c9872ab11f2c6
s32le,document,203,0,1,1,202,1,0,1,False,0,0,False,False,tested-specimens-failed,99ea04cd8ba99d67760c326d2d79652b911959cf6a51dc7d3c6c9872ab11f2c6
s337m,document,203,0,0,0,203,0,0,0,True,0,0,False,False,missing-fixture,
s3m,document,203,0,0,0,203,0,0,0,True,0,0,False,False,missing-fixture,
s8,document,203,0,1,1,202,1,0,1,False,0,0,False,False,tested-specimens-failed,99ea04cd8ba99d67760c326d2d79652b911959cf6a51dc7d3c6c9872ab11f2c6
sami,document,203,1,0,0,202,1,1,0,False,1,0,False,False,representative-directions-passed,5504045bea5c28b18695e5453bce9fc2ba765ff6f10e7740d0c7e150d107bb0a
sap,document,203,0,0,0,203,0,0,0,True,0,0,False,False,missing-fixture,
sb,document,203,2,0,0,201,2,2,0,False,2,0,False,False,representative-directions-passed,5504045bea5c28b18695e5453bce9fc2ba765ff6f10e7740d0c7e150d107bb0a
sbc,document,203,1,0,0,202,1,1,0,False,1,0,False,False,representative-directions-passed,5504045bea5c28b18695e5453bce9fc2ba765ff6f10e7740d0c7e150d107bb0a
sbg,document,203,0,0,0,203,0,0,0,True,0,0,False,False,missing-fixture,
scc,document,203,1,0,0,202,1,1,0,False,1,0,False,False,representative-directions-passed,5504045bea5c28b18695e5453bce9fc2ba765ff6f10e7740d0c7e150d107bb0a
scn,cad,46,0,0,0,46,0,0,0,True,0,0,False,False,missing-fixture,
scr,document,179,0,0,0,179,0,0,0,True,0,0,False,False,missing-fixture,
sct,image,198,0,0,0,198,0,0,0,True,0,0,False,False,missing-fixture,
sdns,document,203,0,0,0,203,0,0,0,True,0,0,False,False,missing-fixture,
sdp,document,203,0,0,0,203,0,0,0,True,0,0,False,False,missing-fixture,
sdr2,document,203,0,0,0,203,0,0,0,True,0,0,False,False,missing-fixture,
sds,document,203,0,0,0,203,0,0,0,True,0,0,False,False,missing-fixture,
sdw,document,20,6,0,0,14,6,6,0,False,0,6,False,False,representative-directions-passed,16c340ab0894abe96db50284c2cd1e91c12986fd7538271c21f8b3bb49fe47d5
sdx,document,203,0,0,0,203,0,0,0,True,0,0,False,False,missing-fixture,
ser,document,203,0,0,0,203,0,0,0,True,0,0,False,False,missing-fixture,
sf,document,203,2,0,0,201,2,2,0,False,2,0,False,False,representative-directions-passed,5504045bea5c28b18695e5453bce9fc2ba765ff6f10e7740d0c7e150d107bb0a
sfw,image,198,0,0,0,198,0,0,0,True,0,0,False,False,missing-fixture,
sfx,document,203,0,0,0,203,0,0,0,True,0,0,False,False,missing-fixture,
sfx2,document,203,0,0,0,203,0,0,0,True,0,0,False,False,missing-fixture,
sga,document,203,0,0,0,203,0,0,0,True,0,0,False,False,missing-fixture,
sgi,image,329,1,0,0,328,1,1,0,False,1,0,False,False,representative-directions-passed,5504045bea5c28b18695e5453bce9fc2ba765ff6f10e7740d0c7e150d107bb0a
shn,document,203,2,0,0,201,2,2,0,False,2,0,False,False,representative-directions-passed,5504045bea5c28b18695e5453bce9fc2ba765ff6f10e7740d0c7e150d107bb0a
sib,cad,23,3,0,0,20,3,3,0,False,0,3,False,False,representative-directions-passed,16c340ab0894abe96db50284c2cd1e91c12986fd7538271c21f8b3bb49fe47d5
siff,document,203,0,0,0,203,0,0,0,True,0,0,False,False,missing-fixture,
six,image,169,1,0,0,168,1,1,0,False,1,0,False,False,representative-directions-passed,5504045bea5c28b18695e5453bce9fc2ba765ff6f10e7740d0c7e150d107bb0a
sixel,image,169,1,0,0,168,1,1,0,False,1,0,False,False,representative-directions-passed,5504045bea5c28b18695e5453bce9fc2ba765ff6f10e7740d0c7e150d107bb0a
sln,document,203,0,0,0,203,0,0,0,True,0,0,False,False,missing-fixture,
smd,cad,23,4,0,0,19,4,4,0,False,0,4,False,False,representative-directions-passed,16c340ab0894abe96db50284c2cd1e91c12986fd7538271c21f8b3bb49fe47d5
smi,document,203,1,0,0,202,1,1,0,False,1,0,False,False,representative-directions-passed,5504045bea5c28b18695e5453bce9fc2ba765ff6f10e7740d0c7e150d107bb0a
smjpeg,document,203,1,0,0,202,1,1,0,False,1,0,False,False,representative-directions-passed,5504045bea5c28b18695e5453bce9fc2ba765ff6f10e7740d0c7e150d107bb0a
smk,document,203,1,0,0,202,1,1,0,False,1,0,False,False,representative-directions-passed,5504045bea5c28b18695e5453bce9fc2ba765ff6f10e7740d0c7e150d107bb0a
smush,document,203,0,0,0,203,0,0,0,True,0,0,False,False,missing-fixture,
snb,ebook,20,1,0,0,19,1,1,0,False,1,0,False,False,representative-directions-passed,5504045bea5c28b18695e5453bce9fc2ba765ff6f10e7740d0c7e150d107bb0a
sndio,document,203,0,0,0,203,0,0,0,True,0,0,False,False,missing-fixture,
sol,document,203,2,0,0,201,2,2,0,False,2,0,False,False,representative-directions-passed,5504045bea5c28b18695e5453bce9fc2ba765ff6f10e7740d0c7e150d107bb0a
son,document,203,0,0,0,203,0,0,0,True,0,0,False,False,missing-fixture,
sox,document,203,2,0,0,201,2,2,0,False,2,0,False,False,representative-directions-passed,5504045bea5c28b18695e5453bce9fc2ba765ff6f10e7740d0c7e150d107bb0a
spdif,document,203,2,0,0,201,2,2,0,False,2,0,False,False,representative-directions-passed,5504045bea5c28b18695e5453bce9fc2ba765ff6f10e7740d0c7e150d107bb0a
sph,document,203,0,0,0,203,0,0,0,True,0,0,False,False,missing-fixture,
sr2,image,198,0,0,0,198,0,0,0,True,0,0,False,False,missing-fixture,
srf,image,198,0,0,0,198,0,0,0,True,0,0,False,False,missing-fixture,
srt,document,203,2,0,0,201,2,2,0,False,0,2,False,False,representative-directions-passed,16c340ab0894abe96db50284c2cd1e91c12986fd7538271c21f8b3bb49fe47d5
srw,document,179,0,0,0,179,0,0,0,True,0,0,False,False,missing-fixture,
ss2,document,203,0,0,0,203,0,0,0,True,0,0,False,False,missing-fixture,
ssa,document,203,1,0,0,202,1,1,0,False,1,0,False,False,representative-directions-passed,5504045bea5c28b18695e5453bce9fc2ba765ff6f10e7740d0c7e150d107bb0a
st26,document,203,0,0,0,203,0,0,0,True,0,0,False,False,missing-fixture,
stegano,image,198,0,0,0,198,0,0,0,True,0,0,False,False,missing-fixture,
step,cad,23,0,0,0,23,0,0,0,True,0,0,False,False,missing-fixture,
sti,document,179,0,0,0,179,0,0,0,True,0,0,False,False,missing-fixture,
stk,document,203,0,0,0,203,0,0,0,True,0,0,False,False,missing-fixture,
stl,cad,226,3,0,0,223,3,3,0,False,0,3,False,False,representative-directions-passed,16c340ab0894abe96db50284c2cd1e91c12986fd7538271c21f8b3bb49fe47d5
stm,document,203,0,0,0,203,0,0,0,True,0,0,False,False,missing-fixture,
stp,cad,226,0,1,1,225,1,0,1,False,0,0,False,False,tested-specimens-failed,16c340ab0894abe96db50284c2cd1e91c12986fd7538271c21f8b3bb49fe47d5
str,document,203,1,0,0,202,1,1,0,False,1,0,False,False,representative-directions-passed,5504045bea5c28b18695e5453bce9fc2ba765ff6f10e7740d0c7e150d107bb0a
strimg,image,169,1,0,0,168,1,1,0,False,1,0,False,False,representative-directions-passed,5504045bea5c28b18695e5453bce9fc2ba765ff6f10e7740d0c7e150d107bb0a
stw,document,20,3,0,0,17,3,3,0,False,0,3,False,False,representative-directions-passed,16c340ab0894abe96db50284c2cd1e91c12986fd7538271c21f8b3bb49fe47d5
sub,document,203,1,0,0,202,1,1,0,False,1,0,False,False,representative-directions-passed,5504045bea5c28b18695e5453bce9fc2ba765ff6f10e7740d0c7e150d107bb0a
sun,image,198,1,0,0,197,1,1,0,False,1,0,False,False,representative-directions-passed,5504045bea5c28b18695e5453bce9fc2ba765ff6f10e7740d0c7e150d107bb0a
sup,document,203,1,0,0,202,1,1,0,False,0,0,False,False,representative-directions-passed,16c340ab0894abe96db50284c2cd1e91c12986fd7538271c21f8b3bb49fe47d5
svag,document,203,0,0,0,203,0,0,0,True,0,0,False,False,missing-fixture,
svg,vector,349,30,0,0,319,30,30,0,False,0,30,False,False,representative-directions-passed,16c340ab0894abe96db50284c2cd1e91c12986fd7538271c21f8b3bb49fe47d5
svgz,image,198,28,0,0,170,28,28,0,False,0,28,False,False,representative-directions-passed,16c340ab0894abe96db50284c2cd1e91c12986fd7538271c21f8b3bb49fe47d5
svs,document,215,0,0,0,215,0,0,0,True,0,0,False,False,missing-fixture,
svslide,document,23,0,0,0,23,0,0,0,True,0,0,False,False,missing-fixture,
sw,document,203,2,0,0,201,2,2,0,False,2,0,False,False,representative-directions-passed,5504045bea5c28b18695e5453bce9fc2ba765ff6f10e7740d0c7e150d107bb0a
swf,document,203,1,0,0,202,1,1,0,False,1,0,False,False,representative-directions-passed,5504045bea5c28b18695e5453bce9fc2ba765ff6f10e7740d0c7e150d107bb0a
sxw,document,20,1,0,0,19,1,1,0,False,0,1,False,False,representative-directions-passed,16c340ab0894abe96db50284c2cd1e91c12986fd7538271c21f8b3bb49fe47d5
szi,document,23,0,0,0,23,0,0,0,True,0,0,False,False,missing-fixture,
t2t,document,65,1,0,0,64,1,1,0,False,1,0,False,False,representative-directions-passed,5504045bea5c28b18695e5453bce9fc2ba765ff6f10e7740d0c7e150d107bb0a
tab,document,20,1,0,0,19,1,1,0,False,1,0,False,False,representative-directions-passed,5504045bea5c28b18695e5453bce9fc2ba765ff6f10e7740d0c7e150d107bb0a
tak,document,203,1,0,0,202,1,1,0,False,1,0,False,False,representative-directions-passed,5504045bea5c28b18695e5453bce9fc2ba765ff6f10e7740d0c7e150d107bb0a
tar,archive,4,1,0,0,3,1,1,0,False,0,1,False,False,representative-directions-passed,16c340ab0894abe96db50284c2cd1e91c12986fd7538271c21f8b3bb49fe47d5
tar.bz2,archive,4,1,0,0,3,1,1,0,False,1,0,False,False,representative-directions-passed,5504045bea5c28b18695e5453bce9fc2ba765ff6f10e7740d0c7e150d107bb0a
tar.gz,archive,4,1,0,0,3,1,1,0,False,0,1,False,False,representative-directions-passed,16c340ab0894abe96db50284c2cd1e91c12986fd7538271c21f8b3bb49fe47d5
tar.xz,archive,4,1,0,0,3,1,1,0,False,1,0,False,False,representative-directions-passed,5504045bea5c28b18695e5453bce9fc2ba765ff6f10e7740d0c7e150d107bb0a
tco,document,203,2,0,0,201,2,2,0,False,2,0,False,False,representative-directions-passed,5504045bea5c28b18695e5453bce9fc2ba765ff6f10e7740d0c7e150d107bb0a
tcr,ebook,20,1,0,0,19,1,1,0,False,1,0,False,False,representative-directions-passed,5504045bea5c28b18695e5453bce9fc2ba765ff6f10e7740d0c7e150d107bb0a
tedcaptions,document,203,0,0,0,203,0,0,0,True,0,0,False,False,missing-fixture,
ter,cad,23,1,0,0,22,1,1,0,False,1,0,False,False,representative-directions-passed,5504045bea5c28b18695e5453bce9fc2ba765ff6f10e7740d0c7e150d107bb0a
tex,document,1,0,1,1,0,1,0,1,False,0,0,True,False,tested-specimens-failed,16c340ab0894abe96db50284c2cd1e91c12986fd7538271c21f8b3bb49fe47d5
text,image,198,0,0,0,198,0,0,0,True,0,0,False,False,missing-fixture,
textile,document,65,1,0,0,64,1,1,0,False,1,0,False,False,representative-directions-passed,5504045bea5c28b18695e5453bce9fc2ba765ff6f10e7740d0c7e150d107bb0a
tga,image,198,1,0,0,197,1,1,0,False,1,0,False,False,representative-directions-passed,5504045bea5c28b18695e5453bce9fc2ba765ff6f10e7740d0c7e150d107bb0a
tgz,archive,5,1,0,0,4,1,1,0,False,0,1,False,False,representative-directions-passed,16c340ab0894abe96db50284c2cd1e91c12986fd7538271c21f8b3bb49fe47d5
thd,document,203,2,0,0,201,2,2,0,False,2,0,False,False,representative-directions-passed,5504045bea5c28b18695e5453bce9fc2ba765ff6f10e7740d0c7e150d107bb0a
thp,document,203,0,0,0,203,0,0,0,True,0,0,False,False,missing-fixture,
tiertexseq,document,203,0,0,0,203,0,0,0,True,0,0,False,False,missing-fixture,
tif,image,280,2,0,0,278,2,2,0,False,0,0,False,False,representative-directions-passed,16c340ab0894abe96db50284c2cd1e91c12986fd7538271c21f8b3bb49fe47d5
tiff,image,339,2,0,0,337,2,2,0,False,1,1,False,False,representative-directions-passed,16c340ab0894abe96db50284c2cd1e91c12986fd7538271c21f8b3bb49fe47d5|5504045bea5c28b18695e5453bce9fc2ba765ff6f10e7740d0c7e150d107bb0a
tiff64,image,169,1,0,0,168,1,1,0,False,1,0,False,False,representative-directions-passed,5504045bea5c28b18695e5453bce9fc2ba765ff6f10e7740d0c7e150d107bb0a
tikiwiki,document,65,1,0,0,64,1,1,0,False,1,0,False,False,representative-directions-passed,5504045bea5c28b18695e5453bce9fc2ba765ff6f10e7740d0c7e150d107bb0a
tim,image,198,0,0,0,198,0,0,0,True,0,0,False,False,missing-fixture,
tm2,document,179,0,0,0,179,0,0,0,True,0,0,False,False,missing-fixture,
tmv,document,203,1,0,0,202,1,1,0,False,1,0,False,False,representative-directions-passed,5504045bea5c28b18695e5453bce9fc2ba765ff6f10e7740d0c7e150d107bb0a
toml,document,4,1,0,0,3,1,1,0,False,1,0,False,False,representative-directions-passed,5504045bea5c28b18695e5453bce9fc2ba765ff6f10e7740d0c7e150d107bb0a
topol,image,124,0,0,0,124,0,0,0,True,0,0,False,False,missing-fixture,
truehd,document,203,0,0,0,203,0,0,0,True,0,0,False,False,missing-fixture,
ts,document,203,1,0,0,202,1,1,0,False,1,0,False,False,representative-directions-passed,5504045bea5c28b18695e5453bce9fc2ba765ff6f10e7740d0c7e150d107bb0a
tsv,document,74,1,0,0,73,1,1,0,False,1,0,False,False,representative-directions-passed,5504045bea5c28b18695e5453bce9fc2ba765ff6f10e7740d0c7e150d107bb0a
tta,document,203,1,0,0,202,1,1,0,False,1,0,False,False,representative-directions-passed,5504045bea5c28b18695e5453bce9fc2ba765ff6f10e7740d0c7e150d107bb0a
ttc,document,179,0,0,0,179,0,0,0,True,0,0,False,False,missing-fixture,
ttf,font,3,2,0,0,1,2,2,0,False,0,2,False,False,representative-directions-passed,16c340ab0894abe96db50284c2cd1e91c12986fd7538271c21f8b3bb49fe47d5
tty,document,203,0,0,0,203,0,0,0,True,0,0,False,False,missing-fixture,
twiki,document,65,1,0,0,64,1,1,0,False,1,0,False,False,representative-directions-passed,5504045bea5c28b18695e5453bce9fc2ba765ff6f10e7740d0c7e150d107bb0a
txd,document,203,1,0,0,202,1,1,0,False,1,0,False,False,representative-directions-passed,5504045bea5c28b18695e5453bce9fc2ba765ff6f10e7740d0c7e150d107bb0a
txt,document,392,2,0,0,390,2,2,0,False,0,2,False,False,representative-directions-passed,16c340ab0894abe96db50284c2cd1e91c12986fd7538271c21f8b3bb49fe47d5
ty,document,203,0,0,0,203,0,0,0,True,0,0,False,False,missing-fixture,
ty+,document,203,0,0,0,203,0,0,0,True,0,0,False,False,missing-fixture,
typst,document,65,1,0,0,64,1,1,0,False,1,0,False,False,representative-directions-passed,5504045bea5c28b18695e5453bce9fc2ba765ff6f10e7740d0c7e150d107bb0a
u16be,document,203,0,1,1,202,1,0,1,False,0,0,False,False,tested-specimens-failed,99ea04cd8ba99d67760c326d2d79652b911959cf6a51dc7d3c6c9872ab11f2c6
u16le,document,203,0,1,1,202,1,0,1,False,0,0,False,False,tested-specimens-failed,99ea04cd8ba99d67760c326d2d79652b911959cf6a51dc7d3c6c9872ab11f2c6
u24be,document,203,0,1,1,202,1,0,1,False,0,0,False,False,tested-specimens-failed,99ea04cd8ba99d67760c326d2d79652b911959cf6a51dc7d3c6c9872ab11f2c6
u24le,document,203,0,1,1,202,1,0,1,False,0,0,False,False,tested-specimens-failed,99ea04cd8ba99d67760c326d2d79652b911959cf6a51dc7d3c6c9872ab11f2c6
u32be,document,203,0,1,1,202,1,0,1,False,0,0,False,False,tested-specimens-failed,99ea04cd8ba99d67760c326d2d79652b911959cf6a51dc7d3c6c9872ab11f2c6
u32le,document,203,0,1,1,202,1,0,1,False,0,0,False,False,tested-specimens-failed,99ea04cd8ba99d67760c326d2d79652b911959cf6a51dc7d3c6c9872ab11f2c6
u8,document,203,0,1,1,202,1,0,1,False,0,0,False,False,tested-specimens-failed,99ea04cd8ba99d67760c326d2d79652b911959cf6a51dc7d3c6c9872ab11f2c6
ub,document,203,2,0,0,201,2,2,0,False,2,0,False,False,representative-directions-passed,5504045bea5c28b18695e5453bce9fc2ba765ff6f10e7740d0c7e150d107bb0a
uc,cad,23,0,1,1,22,1,0,1,False,0,0,False,False,tested-specimens-failed,16c340ab0894abe96db50284c2cd1e91c12986fd7538271c21f8b3bb49fe47d5
ul,document,203,2,0,0,201,2,2,0,False,2,0,False,False,representative-directions-passed,5504045bea5c28b18695e5453bce9fc2ba765ff6f10e7740d0c7e150d107bb0a
ult,document,203,0,0,0,203,0,0,0,True,0,0,False,False,missing-fixture,
umx,document,203,0,0,0,203,0,0,0,True,0,0,False,False,missing-fixture,
usd,cad,23,0,0,0,23,0,0,0,True,0,0,False,False,missing-fixture,
usda,cad,23,0,0,0,23,0,0,0,True,0,0,False,False,missing-fixture,
usdc,cad,23,0,1,1,22,1,0,1,False,0,0,False,False,tested-specimens-failed,16c340ab0894abe96db50284c2cd1e91c12986fd7538271c21f8b3bb49fe47d5
usdz,cad,23,0,0,0,23,0,0,0,True,0,0,False,False,missing-fixture,
usm,document,203,0,0,0,203,0,0,0,True,0,0,False,False,missing-fixture,
uw,document,203,2,0,0,201,2,2,0,False,2,0,False,False,representative-directions-passed,5504045bea5c28b18695e5453bce9fc2ba765ff6f10e7740d0c7e150d107bb0a
uyvy,image,198,0,1,1,197,1,0,1,False,0,0,False,False,tested-specimens-failed,99ea04cd8ba99d67760c326d2d79652b911959cf6a51dc7d3c6c9872ab11f2c6
v,document,215,1,0,0,214,1,1,0,False,1,0,False,False,representative-directions-passed,5504045bea5c28b18695e5453bce9fc2ba765ff6f10e7740d0c7e150d107bb0a
v210,document,203,0,0,0,203,0,0,0,True,0,0,False,False,missing-fixture,
v210x,document,203,0,0,0,203,0,0,0,True,0,0,False,False,missing-fixture,
vag,document,203,2,0,0,201,2,2,0,False,2,0,False,False,representative-directions-passed,5504045bea5c28b18695e5453bce9fc2ba765ff6f10e7740d0c7e150d107bb0a
vb,document,203,0,0,0,203,0,0,0,True,0,0,False,False,missing-fixture,
vc1,document,203,1,0,0,202,1,1,0,False,1,0,False,False,representative-directions-passed,5504045bea5c28b18695e5453bce9fc2ba765ff6f10e7740d0c7e150d107bb0a
vc1test,document,203,0,0,0,203,0,0,0,True,0,0,False,False,missing-fixture,
vcf,document,1,1,0,0,0,1,1,0,False,1,0,True,True,all-declared-directions-passed,5504045bea5c28b18695e5453bce9fc2ba765ff6f10e7740d0c7e150d107bb0a
vda,image,198,1,0,0,197,1,1,0,False,0,0,False,False,representative-directions-passed,16c340ab0894abe96db50284c2cd1e91c12986fd7538271c21f8b3bb49fe47d5
vicar,image,198,1,0,0,197,1,1,0,False,1,0,False,False,representative-directions-passed,5504045bea5c28b18695e5453bce9fc2ba765ff6f10e7740d0c7e150d107bb0a
vidc,document,203,0,0,0,203,0,0,0,True,0,0,False,False,missing-fixture,
viff,image,198,1,0,0,197,1,1,0,False,1,0,False,False,representative-directions-passed,5504045bea5c28b18695e5453bce9fc2ba765ff6f10e7740d0c7e150d107bb0a
vimwiki,document,65,1,0,0,64,1,1,0,False,1,0,False,False,representative-directions-passed,5504045bea5c28b18695e5453bce9fc2ba765ff6f10e7740d0c7e150d107bb0a
vips,image,179,1,0,0,178,1,1,0,False,1,0,False,False,representative-directions-passed,5504045bea5c28b18695e5453bce9fc2ba765ff6f10e7740d0c7e150d107bb0a
viv,document,203,0,0,0,203,0,0,0,True,0,0,False,False,missing-fixture,
vividas,document,203,0,0,0,203,0,0,0,True,0,0,False,False,missing-fixture,
vivo,document,203,0,0,0,203,0,0,0,True,0,0,False,False,missing-fixture,
vmd,document,203,1,0,0,202,1,1,0,False,1,0,False,False,representative-directions-passed,5504045bea5c28b18695e5453bce9fc2ba765ff6f10e7740d0c7e150d107bb0a
vms,document,23,0,0,0,23,0,0,0,True,0,0,False,False,missing-fixture,
vmu,document,23,0,0,0,23,0,0,0,True,0,0,False,False,missing-fixture,
vob,document,203,1,0,0,202,1,1,0,False,1,0,False,False,representative-directions-passed,5504045bea5c28b18695e5453bce9fc2ba765ff6f10e7740d0c7e150d107bb0a
vobsub,document,203,0,0,0,203,0,0,0,True,0,0,False,False,missing-fixture,
voc,document,203,2,0,0,201,2,2,0,False,2,0,False,False,representative-directions-passed,5504045bea5c28b18695e5453bce9fc2ba765ff6f10e7740d0c7e150d107bb0a
vpk,document,203,0,0,0,203,0,0,0,True,0,0,False,False,missing-fixture,
vplayer,document,203,1,0,0,202,1,1,0,False,1,0,False,False,representative-directions-passed,5504045bea5c28b18695e5453bce9fc2ba765ff6f10e7740d0c7e150d107bb0a
vqe,document,203,0,0,0,203,0,0,0,True,0,0,False,False,missing-fixture,
vqf,document,203,0,0,0,203,0,0,0,True,0,0,False,False,missing-fixture,
vql,document,203,0,0,0,203,0,0,0,True,0,0,False,False,missing-fixture,
vst,image,198,1,0,0,197,1,1,0,False,0,0,False,False,representative-directions-passed,16c340ab0894abe96db50284c2cd1e91c12986fd7538271c21f8b3bb49fe47d5
vt,document,203,0,0,0,203,0,0,0,True,0,0,False,False,missing-fixture,
vta,cad,23,0,0,0,23,0,0,0,True,0,0,False,False,missing-fixture,
vtt,document,203,1,0,0,202,1,1,0,False,1,0,False,False,representative-directions-passed,5504045bea5c28b18695e5453bce9fc2ba765ff6f10e7740d0c7e150d107bb0a
vvc,document,203,1,0,0,202,1,1,0,False,1,0,False,False,representative-directions-passed,5504045bea5c28b18695e5453bce9fc2ba765ff6f10e7740d0c7e150d107bb0a
w64,document,203,2,0,0,201,2,2,0,False,2,0,False,False,representative-directions-passed,5504045bea5c28b18695e5453bce9fc2ba765ff6f10e7740d0c7e150d107bb0a
wa,document,203,0,0,0,203,0,0,0,True,0,0,False,False,missing-fixture,
wav,audio,204,3,0,0,201,3,3,0,False,2,1,False,False,representative-directions-passed,16c340ab0894abe96db50284c2cd1e91c12986fd7538271c21f8b3bb49fe47d5|5504045bea5c28b18695e5453bce9fc2ba765ff6f10e7740d0c7e150d107bb0a
way,document,203,0,0,0,203,0,0,0,True,0,0,False,False,missing-fixture,
wbmp,image,198,1,0,0,197,1,1,0,False,1,0,False,False,representative-directions-passed,5504045bea5c28b18695e5453bce9fc2ba765ff6f10e7740d0c7e150d107bb0a
wc3movie,document,203,0,0,0,203,0,0,0,True,0,0,False,False,missing-fixture,
webm,video,337,3,0,0,334,3,3,0,False,2,1,False,False,representative-directions-passed,16c340ab0894abe96db50284c2cd1e91c12986fd7538271c21f8b3bb49fe47d5|5504045bea5c28b18695e5453bce9fc2ba765ff6f10e7740d0c7e150d107bb0a
webp,image,339,3,0,0,336,3,3,0,False,1,2,False,False,representative-directions-passed,16c340ab0894abe96db50284c2cd1e91c12986fd7538271c21f8b3bb49fe47d5|5504045bea5c28b18695e5453bce9fc2ba765ff6f10e7740d0c7e150d107bb0a
webvtt,document,203,1,0,0,202,1,1,0,False,1,0,False,False,representative-directions-passed,5504045bea5c28b18695e5453bce9fc2ba765ff6f10e7740d0c7e150d107bb0a
wma,document,203,2,0,0,201,2,2,0,False,2,0,False,False,representative-directions-passed,5504045bea5c28b18695e5453bce9fc2ba765ff6f10e7740d0c7e150d107bb0a
wmf,vector,208,1,0,0,207,1,1,0,False,0,1,False,False,representative-directions-passed,16c340ab0894abe96db50284c2cd1e91c12986fd7538271c21f8b3bb49fe47d5
wmv,video,337,1,0,0,336,1,1,0,False,0,1,False,False,representative-directions-passed,16c340ab0894abe96db50284c2cd1e91c12986fd7538271c21f8b3bb49fe47d5
wn,document,20,0,0,0,20,0,0,0,True,0,0,False,False,missing-fixture,
woff,font,3,1,0,0,2,1,1,0,False,0,1,False,False,representative-directions-passed,16c340ab0894abe96db50284c2cd1e91c12986fd7538271c21f8b3bb49fe47d5
woff2,font,3,1,0,0,2,1,1,0,False,0,1,False,False,representative-directions-passed,16c340ab0894abe96db50284c2cd1e91c12986fd7538271c21f8b3bb49fe47d5
wow,document,203,0,0,0,203,0,0,0,True,0,0,False,False,missing-fixture,
wpd,document,20,1,0,0,19,1,1,0,False,0,1,False,False,representative-directions-passed,16c340ab0894abe96db50284c2cd1e91c12986fd7538271c21f8b3bb49fe47d5
wpg,image,198,1,0,0,197,1,1,0,False,1,0,False,False,representative-directions-passed,5504045bea5c28b18695e5453bce9fc2ba765ff6f10e7740d0c7e150d107bb0a
wps,document,20,1,0,0,19,1,1,0,False,0,1,False,False,representative-directions-passed,16c340ab0894abe96db50284c2cd1e91c12986fd7538271c21f8b3bb49fe47d5
wpt,document,20,0,0,0,20,0,0,0,True,0,0,False,False,missing-fixture,
wri,document,20,1,0,0,19,1,1,0,False,0,1,False,False,representative-directions-passed,16c340ab0894abe96db50284c2cd1e91c12986fd7538271c21f8b3bb49fe47d5
wsaud,document,203,0,0,0,203,0,0,0,True,0,0,False,False,missing-fixture,
wsd,document,203,0,0,0,203,0,0,0,True,0,0,False,False,missing-fixture,
wsvqa,document,203,0,0,0,203,0,0,0,True,0,0,False,False,missing-fixture,
wtv,document,203,1,0,0,202,1,1,0,False,1,0,False,False,representative-directions-passed,5504045bea5c28b18695e5453bce9fc2ba765ff6f10e7740d0c7e150d107bb0a
wv,document,203,2,0,0,201,2,2,0,False,2,0,False,False,representative-directions-passed,5504045bea5c28b18695e5453bce9fc2ba765ff6f10e7740d0c7e150d107bb0a
wve,document,203,1,0,0,202,1,1,0,False,1,0,False,False,representative-directions-passed,5504045bea5c28b18695e5453bce9fc2ba765ff6f10e7740d0c7e150d107bb0a
x,image,23,1,0,0,22,1,1,0,False,0,1,False,False,representative-directions-passed,16c340ab0894abe96db50284c2cd1e91c12986fd7538271c21f8b3bb49fe47d5
x3d,cad,23,1,0,0,22,1,1,0,False,1,0,False,False,representative-directions-passed,5504045bea5c28b18695e5453bce9fc2ba765ff6f10e7740d0c7e150d107bb0a
x3db,cad,23,0,1,1,22,1,0,1,False,0,0,False,False,tested-specimens-failed,16c340ab0894abe96db50284c2cd1e91c12986fd7538271c21f8b3bb49fe47d5
x3f,image,198,0,0,0,198,0,0,0,True,0,0,False,False,missing-fixture,
xa,document,203,0,0,0,203,0,0,0,True,0,0,False,False,missing-fixture,
xbin,document,203,0,0,0,203,0,0,0,True,0,0,False,False,missing-fixture,
xbm,image,198,1,0,0,197,1,1,0,False,1,0,False,False,representative-directions-passed,5504045bea5c28b18695e5453bce9fc2ba765ff6f10e7740d0c7e150d107bb0a
xcf,image,198,0,0,0,198,0,0,0,True,0,0,False,False,missing-fixture,
xdv,document,2,0,0,0,2,0,0,0,True,0,0,False,False,missing-fixture,
xgl,cad,23,1,0,0,22,1,1,0,False,0,1,False,False,representative-directions-passed,16c340ab0894abe96db50284c2cd1e91c12986fd7538271c21f8b3bb49fe47d5
xhtml,document,20,1,0,0,19,1,1,0,False,1,0,False,False,representative-directions-passed,5504045bea5c28b18695e5453bce9fc2ba765ff6f10e7740d0c7e150d107bb0a
xl,document,203,0,0,0,203,0,0,0,True,0,0,False,False,missing-fixture,
xls,document,11,1,0,0,10,1,1,0,False,0,1,False,False,representative-directions-passed,16c340ab0894abe96db50284c2cd1e91c12986fd7538271c21f8b3bb49fe47d5
xlsx,document,11,1,0,0,10,1,1,0,False,0,1,False,False,representative-directions-passed,16c340ab0894abe96db50284c2cd1e91c12986fd7538271c21f8b3bb49fe47d5
xm,document,203,0,0,0,203,0,0,0,True,0,0,False,False,missing-fixture,
xmd,document,203,0,0,0,203,0,0,0,True,0,0,False,False,missing-fixture,
xml,document,47,1,0,0,46,1,1,0,False,1,0,False,False,representative-directions-passed,5504045bea5c28b18695e5453bce9fc2ba765ff6f10e7740d0c7e150d107bb0a
xmp,image,124,1,0,0,123,1,1,0,False,0,1,False,False,representative-directions-passed,16c340ab0894abe96db50284c2cd1e91c12986fd7538271c21f8b3bb49fe47d5
xmv,document,203,0,0,0,203,0,0,0,True,0,0,False,False,missing-fixture,
xpk,document,203,0,0,0,203,0,0,0,True,0,0,False,False,missing-fixture,
xpm,image,198,1,0,0,197,1,1,0,False,1,0,False,False,representative-directions-passed,5504045bea5c28b18695e5453bce9fc2ba765ff6f10e7740d0c7e150d107bb0a
xps,document,179,0,1,1,178,1,0,1,False,0,0,False,False,tested-specimens-failed,16c340ab0894abe96db50284c2cd1e91c12986fd7538271c21f8b3bb49fe47d5
xvag,document,203,0,0,0,203,0,0,0,True,0,0,False,False,missing-fixture,
xwd,image,124,1,0,0,123,1,1,0,False,1,0,False,False,representative-directions-passed,5504045bea5c28b18695e5453bce9fc2ba765ff6f10e7740d0c7e150d107bb0a
xwma,document,203,0,0,0,203,0,0,0,True,0,0,False,False,missing-fixture,
y,image,124,0,0,0,124,0,0,0,True,0,0,False,False,missing-fixture,
y4m,document,203,1,0,0,202,1,1,0,False,1,0,False,False,representative-directions-passed,5504045bea5c28b18695e5453bce9fc2ba765ff6f10e7740d0c7e150d107bb0a
yaml,document,4,1,0,0,3,1,1,0,False,1,0,False,False,representative-directions-passed,5504045bea5c28b18695e5453bce9fc2ba765ff6f10e7740d0c7e150d107bb0a
ycbcr,image,169,0,1,1,168,1,0,1,False,0,0,False,False,tested-specimens-failed,99ea04cd8ba99d67760c326d2d79652b911959cf6a51dc7d3c6c9872ab11f2c6
ycbcra,image,169,0,1,1,168,1,0,1,False,0,0,False,False,tested-specimens-failed,99ea04cd8ba99d67760c326d2d79652b911959cf6a51dc7d3c6c9872ab11f2c6
yop,document,203,1,0,0,202,1,1,0,False,1,0,False,False,representative-directions-passed,5504045bea5c28b18695e5453bce9fc2ba765ff6f10e7740d0c7e150d107bb0a
yuv,image,329,0,0,0,329,0,0,0,True,0,0,False,False,missing-fixture,
yuv10,document,203,0,0,0,203,0,0,0,True,0,0,False,False,missing-fixture,
zabw,document,20,0,0,0,20,0,0,0,True,0,0,False,False,missing-fixture,
zae,cad,23,1,0,0,22,1,1,0,False,1,0,False,False,representative-directions-passed,5504045bea5c28b18695e5453bce9fc2ba765ff6f10e7740d0c7e150d107bb0a
zgl,cad,23,1,0,0,22,1,1,0,False,0,1,False,False,representative-directions-passed,16c340ab0894abe96db50284c2cd1e91c12986fd7538271c21f8b3bb49fe47d5
zip,archive,4,1,0,0,3,1,1,0,False,0,1,False,False,representative-directions-passed,16c340ab0894abe96db50284c2cd1e91c12986fd7538271c21f8b3bb49fe47d5
